file,line,type,commit,author,date,time,timezone,datetime,depth,length
style.css,1,css,8e3776f9,pemam238,2026-04-17,09:14:16,-07:00,2026-04-17T09:14:16-07:00,0,0
style.css,2,css,8e3776f9,pemam238,2026-04-17,09:14:16,-07:00,2026-04-17T09:14:16-07:00,0,0
style.css,3,css,8e3776f9,pemam238,2026-04-17,09:14:16,-07:00,2026-04-17T09:14:16-07:00,0,0
style.css,4,css,2c9ef66f,pemam238,2026-04-03,09:59:29,-07:00,2026-04-03T09:59:29-07:00,0,4
style.css,5,css,2c9ef66f,pemam238,2026-04-03,09:59:29,-07:00,2026-04-03T09:59:29-07:00,1,43
style.css,6,css,2c9ef66f,pemam238,2026-04-03,09:59:29,-07:00,2026-04-03T09:59:29-07:00,0,42
style.css,7,css,2c9ef66f,pemam238,2026-04-03,09:59:29,-07:00,2026-04-03T09:59:29-07:00,0,0
style.css,8,css,66061f59,pemam238,2026-04-10,14:14:29,-07:00,2026-04-10T14:14:29-07:00,1,12
style.css,9,css,66061f59,pemam238,2026-04-10,14:14:29,-07:00,2026-04-10T14:14:29-07:00,1,18
style.css,10,css,2c9ef66f,pemam238,2026-04-03,09:59:29,-07:00,2026-04-03T09:59:29-07:00,1,23
style.css,11,css,8e3776f9,pemam238,2026-04-17,09:14:16,-07:00,2026-04-17T09:14:16-07:00,0,0
style.css,12,css,8e3776f9,pemam238,2026-04-17,09:14:16,-07:00,2026-04-17T09:14:16-07:00,0,0
style.css,13,css,2c9ef66f,pemam238,2026-04-03,09:59:29,-07:00,2026-04-03T09:59:29-07:00,0,0
style.css,14,css,66061f59,pemam238,2026-04-10,14:14:29,-07:00,2026-04-10T14:14:29-07:00,0,4
style.css,15,css,66061f59,pemam238,2026-04-10,14:14:29,-07:00,2026-04-10T14:14:29-07:00,0,7
style.css,16,css,8e3776f9,pemam238,2026-04-17,09:14:16,-07:00,2026-04-17T09:14:16-07:00,0,5
style.css,17,css,8e3776f9,pemam238,2026-04-17,09:14:16,-07:00,2026-04-17T09:14:16-07:00,0,5
style.css,18,css,66061f59,pemam238,2026-04-10,14:14:29,-07:00,2026-04-10T14:14:29-07:00,1,12
style.css,19,css,66061f59,pemam238,2026-04-10,14:14:29,-07:00,2026-04-10T14:14:29-07:00,0,0
style.css,20,css,66061f59,pemam238,2026-04-10,14:14:29,-07:00,2026-04-10T14:14:29-07:00,0,1
style.css,21,css,66061f59,pemam238,2026-04-10,14:14:29,-07:00,2026-04-10T14:14:29-07:00,2,16
style.css,22,css,66061f59,pemam238,2026-04-10,14:14:29,-07:00,2026-04-10T14:14:29-07:00,1,0
style.css,23,css,66061f59,pemam238,2026-04-10,14:14:29,-07:00,2026-04-10T14:14:29-07:00,0,1
style.css,24,css,66061f59,pemam238,2026-04-10,14:14:29,-07:00,2026-04-10T14:14:29-07:00,2,16
style.css,25,css,66061f59,pemam238,2026-04-10,14:14:29,-07:00,2026-04-10T14:14:29-07:00,1,0
style.css,26,css,66061f59,pemam238,2026-04-10,14:14:29,-07:00,2026-04-10T14:14:29-07:00,0,5
style.css,27,css,66061f59,pemam238,2026-04-10,14:14:29,-07:00,2026-04-10T14:14:29-07:00,1,12
style.css,28,css,66061f59,pemam238,2026-04-10,14:14:29,-07:00,2026-04-10T14:14:29-07:00,1,15
style.css,29,css,66061f59,pemam238,2026-04-10,14:14:29,-07:00,2026-04-10T14:14:29-07:00,1,9
style.css,30,css,66061f59,pemam238,2026-04-10,14:14:29,-07:00,2026-04-10T14:14:29-07:00,1,8
style.css,31,css,66061f59,pemam238,2026-04-10,14:14:29,-07:00,2026-04-10T14:14:29-07:00,0,0
style.css,32,css,66061f59,pemam238,2026-04-10,14:14:29,-07:00,2026-04-10T14:14:29-07:00,0,0
style.css,33,css,8e3776f9,pemam238,2026-04-17,09:14:16,-07:00,2026-04-17T09:14:16-07:00,0,0
style.css,34,css,8e3776f9,pemam238,2026-04-17,09:14:16,-07:00,2026-04-17T09:14:16-07:00,0,3
style.css,35,css,8e3776f9,pemam238,2026-04-17,09:14:16,-07:00,2026-04-17T09:14:16-07:00,1,12
style.css,36,css,8e3776f9,pemam238,2026-04-17,09:14:16,-07:00,2026-04-17T09:14:16-07:00,1,45
style.css,37,css,8e3776f9,pemam238,2026-04-17,09:14:16,-07:00,2026-04-17T09:14:16-07:00,0,0
style.css,38,css,8e3776f9,pemam238,2026-04-17,09:14:16,-07:00,2026-04-17T09:14:16-07:00,0,0
style.css,39,css,66061f59,pemam238,2026-04-10,14:14:29,-07:00,2026-04-10T14:14:29-07:00,0,4
style.css,40,css,66061f59,pemam238,2026-04-10,14:14:29,-07:00,2026-04-10T14:14:29-07:00,2,6
style.css,41,css,66061f59,pemam238,2026-04-10,14:14:29,-07:00,2026-04-10T14:14:29-07:00,2,17
style.css,42,css,66061f59,pemam238,2026-04-10,14:14:29,-07:00,2026-04-10T14:14:29-07:00,2,20
style.css,43,css,66061f59,pemam238,2026-04-10,14:14:29,-07:00,2026-04-10T14:14:29-07:00,2,12
style.css,44,css,66061f59,pemam238,2026-04-10,14:14:29,-07:00,2026-04-10T14:14:29-07:00,2,20
style.css,45,css,66061f59,pemam238,2026-04-10,14:14:29,-07:00,2026-04-10T14:14:29-07:00,2,12
style.css,46,css,66061f59,pemam238,2026-04-10,14:14:29,-07:00,2026-04-10T14:14:29-07:00,2,17
style.css,47,css,66061f59,pemam238,2026-04-10,14:14:29,-07:00,2026-04-10T14:14:29-07:00,2,13
style.css,48,css,66061f59,pemam238,2026-04-10,14:14:29,-07:00,2026-04-10T14:14:29-07:00,2,23
style.css,49,css,66061f59,pemam238,2026-04-10,14:14:29,-07:00,2026-04-10T14:14:29-07:00,2,25
style.css,50,css,8e3776f9,pemam238,2026-04-17,09:14:16,-07:00,2026-04-17T09:14:16-07:00,2,39
style.css,51,css,66061f59,pemam238,2026-04-10,14:14:29,-07:00,2026-04-10T14:14:29-07:00,0,0
style.css,52,css,66061f59,pemam238,2026-04-10,14:14:29,-07:00,2026-04-10T14:14:29-07:00,0,0
style.css,53,css,66061f59,pemam238,2026-04-10,14:14:29,-07:00,2026-04-10T14:14:29-07:00,0,0
style.css,54,css,66061f59,pemam238,2026-04-10,14:14:29,-07:00,2026-04-10T14:14:29-07:00,0,12
style.css,55,css,8e3776f9,pemam238,2026-04-17,09:14:16,-07:00,2026-04-17T09:14:16-07:00,1,16
style.css,56,css,8e3776f9,pemam238,2026-04-17,09:14:16,-07:00,2026-04-17T09:14:16-07:00,1,43
style.css,57,css,66061f59,pemam238,2026-04-10,14:14:29,-07:00,2026-04-10T14:14:29-07:00,1,0
style.css,58,css,66061f59,pemam238,2026-04-10,14:14:29,-07:00,2026-04-10T14:14:29-07:00,0,0
style.css,59,css,66061f59,pemam238,2026-04-10,14:14:29,-07:00,2026-04-10T14:14:29-07:00,0,0
style.css,60,css,66061f59,pemam238,2026-04-10,14:14:29,-07:00,2026-04-10T14:14:29-07:00,0,4
style.css,61,css,66061f59,pemam238,2026-04-10,14:14:29,-07:00,2026-04-10T14:14:29-07:00,1,31
style.css,62,css,8e3776f9,pemam238,2026-04-17,09:14:16,-07:00,2026-04-17T09:14:16-07:00,1,38
style.css,63,css,66061f59,pemam238,2026-04-10,14:14:29,-07:00,2026-04-10T14:14:29-07:00,1,32
style.css,64,css,8e3776f9,pemam238,2026-04-17,09:14:16,-07:00,2026-04-17T09:14:16-07:00,1,23
style.css,65,css,66061f59,pemam238,2026-04-10,14:14:29,-07:00,2026-04-10T14:14:29-07:00,0,0
style.css,66,css,66061f59,pemam238,2026-04-10,14:14:29,-07:00,2026-04-10T14:14:29-07:00,0,0
style.css,67,css,66061f59,pemam238,2026-04-10,14:14:29,-07:00,2026-04-10T14:14:29-07:00,0,10
style.css,68,css,66061f59,pemam238,2026-04-10,14:14:29,-07:00,2026-04-10T14:14:29-07:00,1,45
style.css,69,css,66061f59,pemam238,2026-04-10,14:14:29,-07:00,2026-04-10T14:14:29-07:00,1,20
style.css,70,css,8e3776f9,pemam238,2026-04-17,09:14:16,-07:00,2026-04-17T09:14:16-07:00,0,69
style.css,71,css,66061f59,pemam238,2026-04-10,14:14:29,-07:00,2026-04-10T14:14:29-07:00,0,0
style.css,72,css,66061f59,pemam238,2026-04-10,14:14:29,-07:00,2026-04-10T14:14:29-07:00,0,0
style.css,73,css,66061f59,pemam238,2026-04-10,14:14:29,-07:00,2026-04-10T14:14:29-07:00,0,3
style.css,74,css,66061f59,pemam238,2026-04-10,14:14:29,-07:00,2026-04-10T14:14:29-07:00,1,12
style.css,75,css,66061f59,pemam238,2026-04-10,14:14:29,-07:00,2026-04-10T14:14:29-07:00,1,30
style.css,76,css,66061f59,pemam238,2026-04-10,14:14:29,-07:00,2026-04-10T14:14:29-07:00,1,7
style.css,77,css,66061f59,pemam238,2026-04-10,14:14:29,-07:00,2026-04-10T14:14:29-07:00,0,0
style.css,78,css,66061f59,pemam238,2026-04-10,14:14:29,-07:00,2026-04-10T14:14:29-07:00,0,9
style.css,79,css,66061f59,pemam238,2026-04-10,14:14:29,-07:00,2026-04-10T14:14:29-07:00,1,16
style.css,80,css,66061f59,pemam238,2026-04-10,14:14:29,-07:00,2026-04-10T14:14:29-07:00,1,12
style.css,81,css,66061f59,pemam238,2026-04-10,14:14:29,-07:00,2026-04-10T14:14:29-07:00,1,29
style.css,82,css,66061f59,pemam238,2026-04-10,14:14:29,-07:00,2026-04-10T14:14:29-07:00,1,18
style.css,83,css,66061f59,pemam238,2026-04-10,14:14:29,-07:00,2026-04-10T14:14:29-07:00,0,0
style.css,84,css,66061f59,pemam238,2026-04-10,14:14:29,-07:00,2026-04-10T14:14:29-07:00,0,0
style.css,85,css,66061f59,pemam238,2026-04-10,14:14:29,-07:00,2026-04-10T14:14:29-07:00,0,9
style.css,86,css,66061f59,pemam238,2026-04-10,14:14:29,-07:00,2026-04-10T14:14:29-07:00,0,12
style.css,87,css,66061f59,pemam238,2026-04-10,14:14:29,-07:00,2026-04-10T14:14:29-07:00,1,10
style.css,88,css,66061f59,pemam238,2026-04-10,14:14:29,-07:00,2026-04-10T14:14:29-07:00,1,21
style.css,89,css,66061f59,pemam238,2026-04-10,14:14:29,-07:00,2026-04-10T14:14:29-07:00,0,0
style.css,90,css,66061f59,pemam238,2026-04-10,14:14:29,-07:00,2026-04-10T14:14:29-07:00,0,0
style.css,91,css,66061f59,pemam238,2026-04-10,14:14:29,-07:00,2026-04-10T14:14:29-07:00,0,8
style.css,92,css,66061f59,pemam238,2026-04-10,14:14:29,-07:00,2026-04-10T14:14:29-07:00,1,12
style.css,93,css,66061f59,pemam238,2026-04-10,14:14:29,-07:00,2026-04-10T14:14:29-07:00,1,58
style.css,94,css,66061f59,pemam238,2026-04-10,14:14:29,-07:00,2026-04-10T14:14:29-07:00,1,7
style.css,95,css,66061f59,pemam238,2026-04-10,14:14:29,-07:00,2026-04-10T14:14:29-07:00,0,0
style.css,96,css,66061f59,pemam238,2026-04-10,14:14:29,-07:00,2026-04-10T14:14:29-07:00,0,0
style.css,97,css,66061f59,pemam238,2026-04-10,14:14:29,-07:00,2026-04-10T14:14:29-07:00,0,0
style.css,98,css,66061f59,pemam238,2026-04-10,14:14:29,-07:00,2026-04-10T14:14:29-07:00,0,16
style.css,99,css,66061f59,pemam238,2026-04-10,14:14:29,-07:00,2026-04-10T14:14:29-07:00,1,26
style.css,100,css,66061f59,pemam238,2026-04-10,14:14:29,-07:00,2026-04-10T14:14:29-07:00,1,15
style.css,101,css,bbe4aa76,pemam238,2026-04-25,20:11:18,-07:00,2026-04-25T20:11:18-07:00,1,36
style.css,102,css,bbe4aa76,pemam238,2026-04-25,20:11:18,-07:00,2026-04-25T20:11:18-07:00,1,20
style.css,103,css,bbe4aa76,pemam238,2026-04-25,20:11:18,-07:00,2026-04-25T20:11:18-07:00,1,11
style.css,104,css,bbe4aa76,pemam238,2026-04-25,20:11:18,-07:00,2026-04-25T20:11:18-07:00,1,15
style.css,105,css,bbe4aa76,pemam238,2026-04-25,20:11:18,-07:00,2026-04-25T20:11:18-07:00,1,52
style.css,106,css,66061f59,pemam238,2026-04-10,14:14:29,-07:00,2026-04-10T14:14:29-07:00,0,0
style.css,107,css,66061f59,pemam238,2026-04-10,14:14:29,-07:00,2026-04-10T14:14:29-07:00,0,11
style.css,108,css,66061f59,pemam238,2026-04-10,14:14:29,-07:00,2026-04-10T14:14:29-07:00,1,8
style.css,109,css,66061f59,pemam238,2026-04-10,14:14:29,-07:00,2026-04-10T14:14:29-07:00,0,0
style.css,110,css,66061f59,pemam238,2026-04-10,14:14:29,-07:00,2026-04-10T14:14:29-07:00,0,2
style.css,111,css,66061f59,pemam238,2026-04-10,14:14:29,-07:00,2026-04-10T14:14:29-07:00,1,14
style.css,112,css,66061f59,pemam238,2026-04-10,14:14:29,-07:00,2026-04-10T14:14:29-07:00,0,0
style.css,113,css,66061f59,pemam238,2026-04-10,14:14:29,-07:00,2026-04-10T14:14:29-07:00,0,0
style.css,114,css,66061f59,pemam238,2026-04-10,14:14:29,-07:00,2026-04-10T14:14:29-07:00,0,22
style.css,115,css,66061f59,pemam238,2026-04-10,14:14:29,-07:00,2026-04-10T14:14:29-07:00,1,15
style.css,116,css,66061f59,pemam238,2026-04-10,14:14:29,-07:00,2026-04-10T14:14:29-07:00,1,17
style.css,117,css,66061f59,pemam238,2026-04-10,14:14:29,-07:00,2026-04-10T14:14:29-07:00,0,0
style.css,118,css,66061f59,pemam238,2026-04-10,14:14:29,-07:00,2026-04-10T14:14:29-07:00,0,0
style.css,119,css,66061f59,pemam238,2026-04-10,14:14:29,-07:00,2026-04-10T14:14:29-07:00,0,39
style.css,120,css,66061f59,pemam238,2026-04-10,14:14:29,-07:00,2026-04-10T14:14:29-07:00,0,4
style.css,121,css,66061f59,pemam238,2026-04-10,14:14:29,-07:00,2026-04-10T14:14:29-07:00,1,14
style.css,122,css,66061f59,pemam238,2026-04-10,14:14:29,-07:00,2026-04-10T14:14:29-07:00,1,13
style.css,123,css,66061f59,pemam238,2026-04-10,14:14:29,-07:00,2026-04-10T14:14:29-07:00,0,0
style.css,124,css,66061f59,pemam238,2026-04-10,14:14:29,-07:00,2026-04-10T14:14:29-07:00,0,0
style.css,125,css,66061f59,pemam238,2026-04-10,14:14:29,-07:00,2026-04-10T14:14:29-07:00,0,35
style.css,126,css,66061f59,pemam238,2026-04-10,14:14:29,-07:00,2026-04-10T14:14:29-07:00,0,9
style.css,127,css,66061f59,pemam238,2026-04-10,14:14:29,-07:00,2026-04-10T14:14:29-07:00,1,16
style.css,128,css,66061f59,pemam238,2026-04-10,14:14:29,-07:00,2026-04-10T14:14:29-07:00,1,20
style.css,129,css,66061f59,pemam238,2026-04-10,14:14:29,-07:00,2026-04-10T14:14:29-07:00,0,0
style.css,130,css,66061f59,pemam238,2026-04-10,14:14:29,-07:00,2026-04-10T14:14:29-07:00,0,0
style.css,131,css,66061f59,pemam238,2026-04-10,14:14:29,-07:00,2026-04-10T14:14:29-07:00,0,24
style.css,132,css,66061f59,pemam238,2026-04-10,14:14:29,-07:00,2026-04-10T14:14:29-07:00,0,8
style.css,133,css,8e3776f9,pemam238,2026-04-17,09:14:16,-07:00,2026-04-17T09:14:16-07:00,1,13
style.css,134,css,66061f59,pemam238,2026-04-10,14:14:29,-07:00,2026-04-10T14:14:29-07:00,1,17
style.css,135,css,66061f59,pemam238,2026-04-10,14:14:29,-07:00,2026-04-10T14:14:29-07:00,0,0
style.css,136,css,66061f59,pemam238,2026-04-10,14:14:29,-07:00,2026-04-10T14:14:29-07:00,0,0
style.css,137,css,66061f59,pemam238,2026-04-10,14:14:29,-07:00,2026-04-10T14:14:29-07:00,0,19
style.css,138,css,66061f59,pemam238,2026-04-10,14:14:29,-07:00,2026-04-10T14:14:29-07:00,0,7
style.css,139,css,66061f59,pemam238,2026-04-10,14:14:29,-07:00,2026-04-10T14:14:29-07:00,1,17
style.css,140,css,66061f59,pemam238,2026-04-10,14:14:29,-07:00,2026-04-10T14:14:29-07:00,0,0
style.css,141,css,66061f59,pemam238,2026-04-10,14:14:29,-07:00,2026-04-10T14:14:29-07:00,0,0
style.css,142,css,66061f59,pemam238,2026-04-10,14:14:29,-07:00,2026-04-10T14:14:29-07:00,0,19
style.css,143,css,66061f59,pemam238,2026-04-10,14:14:29,-07:00,2026-04-10T14:14:29-07:00,0,10
style.css,144,css,8e3776f9,pemam238,2026-04-17,09:14:16,-07:00,2026-04-17T09:14:16-07:00,0,0
style.css,145,css,8e3776f9,pemam238,2026-04-17,09:14:16,-07:00,2026-04-17T09:14:16-07:00,1,43
style.css,146,css,66061f59,pemam238,2026-04-10,14:14:29,-07:00,2026-04-10T14:14:29-07:00,1,20
style.css,147,css,66061f59,pemam238,2026-04-10,14:14:29,-07:00,2026-04-10T14:14:29-07:00,1,20
style.css,148,css,66061f59,pemam238,2026-04-10,14:14:29,-07:00,2026-04-10T14:14:29-07:00,0,0
style.css,149,css,66061f59,pemam238,2026-04-10,14:14:29,-07:00,2026-04-10T14:14:29-07:00,0,0
style.css,150,css,66061f59,pemam238,2026-04-10,14:14:29,-07:00,2026-04-10T14:14:29-07:00,0,20
style.css,151,css,66061f59,pemam238,2026-04-10,14:14:29,-07:00,2026-04-10T14:14:29-07:00,0,7
style.css,152,css,66061f59,pemam238,2026-04-10,14:14:29,-07:00,2026-04-10T14:14:29-07:00,1,19
style.css,153,css,66061f59,pemam238,2026-04-10,14:14:29,-07:00,2026-04-10T14:14:29-07:00,0,0
style.css,154,css,66061f59,pemam238,2026-04-10,14:14:29,-07:00,2026-04-10T14:14:29-07:00,0,0
style.css,155,css,66061f59,pemam238,2026-04-10,14:14:29,-07:00,2026-04-10T14:14:29-07:00,0,32
style.css,156,css,66061f59,pemam238,2026-04-10,14:14:29,-07:00,2026-04-10T14:14:29-07:00,0,14
style.css,157,css,66061f59,pemam238,2026-04-10,14:14:29,-07:00,2026-04-10T14:14:29-07:00,1,12
style.css,158,css,66061f59,pemam238,2026-04-10,14:14:29,-07:00,2026-04-10T14:14:29-07:00,1,29
style.css,159,css,66061f59,pemam238,2026-04-10,14:14:29,-07:00,2026-04-10T14:14:29-07:00,1,20
style.css,160,css,66061f59,pemam238,2026-04-10,14:14:29,-07:00,2026-04-10T14:14:29-07:00,0,0
style.css,161,css,66061f59,pemam238,2026-04-10,14:14:29,-07:00,2026-04-10T14:14:29-07:00,0,0
style.css,162,css,66061f59,pemam238,2026-04-10,14:14:29,-07:00,2026-04-10T14:14:29-07:00,0,10
style.css,163,css,66061f59,pemam238,2026-04-10,14:14:29,-07:00,2026-04-10T14:14:29-07:00,0,10
style.css,164,css,66061f59,pemam238,2026-04-10,14:14:29,-07:00,2026-04-10T14:14:29-07:00,1,8
style.css,165,css,66061f59,pemam238,2026-04-10,14:14:29,-07:00,2026-04-10T14:14:29-07:00,1,16
style.css,166,css,66061f59,pemam238,2026-04-10,14:14:29,-07:00,2026-04-10T14:14:29-07:00,0,0
style.css,167,css,66061f59,pemam238,2026-04-10,14:14:29,-07:00,2026-04-10T14:14:29-07:00,0,0
style.css,168,css,66061f59,pemam238,2026-04-10,14:14:29,-07:00,2026-04-10T14:14:29-07:00,0,21
style.css,169,css,66061f59,pemam238,2026-04-10,14:14:29,-07:00,2026-04-10T14:14:29-07:00,0,16
style.css,170,css,66061f59,pemam238,2026-04-10,14:14:29,-07:00,2026-04-10T14:14:29-07:00,1,8
style.css,171,css,66061f59,pemam238,2026-04-10,14:14:29,-07:00,2026-04-10T14:14:29-07:00,1,10
style.css,172,css,66061f59,pemam238,2026-04-10,14:14:29,-07:00,2026-04-10T14:14:29-07:00,0,0
style.css,173,css,66061f59,pemam238,2026-04-10,14:14:29,-07:00,2026-04-10T14:14:29-07:00,0,0
style.css,174,css,66061f59,pemam238,2026-04-10,14:14:29,-07:00,2026-04-10T14:14:29-07:00,0,42
style.css,175,css,66061f59,pemam238,2026-04-10,14:14:29,-07:00,2026-04-10T14:14:29-07:00,0,4
style.css,176,css,66061f59,pemam238,2026-04-10,14:14:29,-07:00,2026-04-10T14:14:29-07:00,1,15
style.css,177,css,66061f59,pemam238,2026-04-10,14:14:29,-07:00,2026-04-10T14:14:29-07:00,1,10
style.css,178,css,66061f59,pemam238,2026-04-10,14:14:29,-07:00,2026-04-10T14:14:29-07:00,0,0
style.css,179,css,66061f59,pemam238,2026-04-10,14:14:29,-07:00,2026-04-10T14:14:29-07:00,0,0
style.css,180,css,66061f59,pemam238,2026-04-10,14:14:29,-07:00,2026-04-10T14:14:29-07:00,0,21
style.css,181,css,66061f59,pemam238,2026-04-10,14:14:29,-07:00,2026-04-10T14:14:29-07:00,0,11
style.css,182,css,66061f59,pemam238,2026-04-10,14:14:29,-07:00,2026-04-10T14:14:29-07:00,1,23
style.css,183,css,66061f59,pemam238,2026-04-10,14:14:29,-07:00,2026-04-10T14:14:29-07:00,0,0
style.css,184,css,66061f59,pemam238,2026-04-10,14:14:29,-07:00,2026-04-10T14:14:29-07:00,0,0
style.css,185,css,66061f59,pemam238,2026-04-10,14:14:29,-07:00,2026-04-10T14:14:29-07:00,0,25
style.css,186,css,66061f59,pemam238,2026-04-10,14:14:29,-07:00,2026-04-10T14:14:29-07:00,0,2
style.css,187,css,66061f59,pemam238,2026-04-10,14:14:29,-07:00,2026-04-10T14:14:29-07:00,1,22
style.css,188,css,66061f59,pemam238,2026-04-10,14:14:29,-07:00,2026-04-10T14:14:29-07:00,0,0
style.css,189,css,66061f59,pemam238,2026-04-10,14:14:29,-07:00,2026-04-10T14:14:29-07:00,0,0
style.css,190,css,66061f59,pemam238,2026-04-10,14:14:29,-07:00,2026-04-10T14:14:29-07:00,0,28
style.css,191,css,66061f59,pemam238,2026-04-10,14:14:29,-07:00,2026-04-10T14:14:29-07:00,0,23
style.css,192,css,66061f59,pemam238,2026-04-10,14:14:29,-07:00,2026-04-10T14:14:29-07:00,1,9
style.css,193,css,66061f59,pemam238,2026-04-10,14:14:29,-07:00,2026-04-10T14:14:29-07:00,0,0
style.css,194,css,8e3776f9,pemam238,2026-04-17,09:14:16,-07:00,2026-04-17T09:14:16-07:00,0,0
style.css,195,css,8e3776f9,pemam238,2026-04-17,09:14:16,-07:00,2026-04-17T09:14:16-07:00,0,0
style.css,196,css,8e3776f9,pemam238,2026-04-17,09:14:16,-07:00,2026-04-17T09:14:16-07:00,0,13
style.css,197,css,8e3776f9,pemam238,2026-04-17,09:14:16,-07:00,2026-04-17T09:14:16-07:00,1,17
style.css,198,css,8e3776f9,pemam238,2026-04-17,09:14:16,-07:00,2026-04-17T09:14:16-07:00,1,8
style.css,199,css,8e3776f9,pemam238,2026-04-17,09:14:16,-07:00,2026-04-17T09:14:16-07:00,1,10
style.css,200,css,8e3776f9,pemam238,2026-04-17,09:14:16,-07:00,2026-04-17T09:14:16-07:00,1,13
style.css,201,css,8e3776f9,pemam238,2026-04-17,09:14:16,-07:00,2026-04-17T09:14:16-07:00,0,0
style.css,202,css,bbe4aa76,pemam238,2026-04-25,20:11:18,-07:00,2026-04-25T20:11:18-07:00,0,0
style.css,203,css,bbe4aa76,pemam238,2026-04-25,20:11:18,-07:00,2026-04-25T20:11:18-07:00,0,17
style.css,204,css,bbe4aa76,pemam238,2026-04-25,20:11:18,-07:00,2026-04-25T20:11:18-07:00,1,12
style.css,205,css,bbe4aa76,pemam238,2026-04-25,20:11:18,-07:00,2026-04-25T20:11:18-07:00,1,36
style.css,206,css,bbe4aa76,pemam238,2026-04-25,20:11:18,-07:00,2026-04-25T20:11:18-07:00,1,17
style.css,207,css,bbe4aa76,pemam238,2026-04-25,20:11:18,-07:00,2026-04-25T20:11:18-07:00,1,15
style.css,208,css,bbe4aa76,pemam238,2026-04-25,20:11:18,-07:00,2026-04-25T20:11:18-07:00,0,0
style.css,209,css,bbe4aa76,pemam238,2026-04-25,20:11:18,-07:00,2026-04-25T20:11:18-07:00,0,0
style.css,210,css,bbe4aa76,pemam238,2026-04-25,20:11:18,-07:00,2026-04-25T20:11:18-07:00,0,17
style.css,211,css,bbe4aa76,pemam238,2026-04-25,20:11:18,-07:00,2026-04-25T20:11:18-07:00,1,10
style.css,212,css,bbe4aa76,pemam238,2026-04-25,20:11:18,-07:00,2026-04-25T20:11:18-07:00,1,16
style.css,213,css,bbe4aa76,pemam238,2026-04-25,20:11:18,-07:00,2026-04-25T20:11:18-07:00,1,16
style.css,214,css,bbe4aa76,pemam238,2026-04-25,20:11:18,-07:00,2026-04-25T20:11:18-07:00,1,10
style.css,215,css,bbe4aa76,pemam238,2026-04-25,20:11:18,-07:00,2026-04-25T20:11:18-07:00,1,24
style.css,216,css,bbe4aa76,pemam238,2026-04-25,20:11:18,-07:00,2026-04-25T20:11:18-07:00,1,21
style.css,217,css,bbe4aa76,pemam238,2026-04-25,20:11:18,-07:00,2026-04-25T20:11:18-07:00,0,0
style.css,218,css,bbe4aa76,pemam238,2026-04-25,20:11:18,-07:00,2026-04-25T20:11:18-07:00,0,0
style.css,219,css,bbe4aa76,pemam238,2026-04-25,20:11:18,-07:00,2026-04-25T20:11:18-07:00,0,17
style.css,220,css,bbe4aa76,pemam238,2026-04-25,20:11:18,-07:00,2026-04-25T20:11:18-07:00,1,10
style.css,221,css,bbe4aa76,pemam238,2026-04-25,20:11:18,-07:00,2026-04-25T20:11:18-07:00,1,14
style.css,222,css,bbe4aa76,pemam238,2026-04-25,20:11:18,-07:00,2026-04-25T20:11:18-07:00,1,16
style.css,223,css,bbe4aa76,pemam238,2026-04-25,20:11:18,-07:00,2026-04-25T20:11:18-07:00,1,8
style.css,224,css,bbe4aa76,pemam238,2026-04-25,20:11:18,-07:00,2026-04-25T20:11:18-07:00,0,0
style.css,225,css,bbe4aa76,pemam238,2026-04-25,20:11:18,-07:00,2026-04-25T20:11:18-07:00,0,0
style.css,226,css,bbe4aa76,pemam238,2026-04-25,20:11:18,-07:00,2026-04-25T20:11:18-07:00,0,23
style.css,227,css,bbe4aa76,pemam238,2026-04-25,20:11:18,-07:00,2026-04-25T20:11:18-07:00,1,42
style.css,228,css,bbe4aa76,pemam238,2026-04-25,20:11:18,-07:00,2026-04-25T20:11:18-07:00,1,26
style.css,229,css,bbe4aa76,pemam238,2026-04-25,20:11:18,-07:00,2026-04-25T20:11:18-07:00,0,0
style.css,230,css,bbe4aa76,pemam238,2026-04-25,20:11:18,-07:00,2026-04-25T20:11:18-07:00,0,0
style.css,231,css,bbe4aa76,pemam238,2026-04-25,20:11:18,-07:00,2026-04-25T20:11:18-07:00,0,0
style.css,232,css,bbe4aa76,pemam238,2026-04-25,20:11:18,-07:00,2026-04-25T20:11:18-07:00,0,21
style.css,233,css,bbe4aa76,pemam238,2026-04-25,20:11:18,-07:00,2026-04-25T20:11:18-07:00,2,10
style.css,234,css,bbe4aa76,pemam238,2026-04-25,20:11:18,-07:00,2026-04-25T20:11:18-07:00,2,15
style.css,235,css,bbe4aa76,pemam238,2026-04-25,20:11:18,-07:00,2026-04-25T20:11:18-07:00,2,16
style.css,236,css,bbe4aa76,pemam238,2026-04-25,20:11:18,-07:00,2026-04-25T20:11:18-07:00,2,19
style.css,237,css,bbe4aa76,pemam238,2026-04-25,20:11:18,-07:00,2026-04-25T20:11:18-07:00,2,19
style.css,238,css,bbe4aa76,pemam238,2026-04-25,20:11:18,-07:00,2026-04-25T20:11:18-07:00,0,0
style.css,239,css,bbe4aa76,pemam238,2026-04-25,20:11:18,-07:00,2026-04-25T20:11:18-07:00,0,0
style.css,240,css,bbe4aa76,pemam238,2026-04-25,20:11:18,-07:00,2026-04-25T20:11:18-07:00,0,9
style.css,241,css,bbe4aa76,pemam238,2026-04-25,20:11:18,-07:00,2026-04-25T20:11:18-07:00,2,14
style.css,242,css,e813a413,pemam238,2026-05-01,17:36:00,-07:00,2026-05-01T17:36:00-07:00,0,0
style.css,243,css,e813a413,pemam238,2026-05-01,17:36:00,-07:00,2026-05-01T17:36:00-07:00,0,13
style.css,244,css,e813a413,pemam238,2026-05-01,17:36:00,-07:00,2026-05-01T17:36:00-07:00,1,30
style.css,245,css,e813a413,pemam238,2026-05-01,17:36:00,-07:00,2026-05-01T17:36:00-07:00,1,34
style.css,246,css,e813a413,pemam238,2026-05-01,17:36:00,-07:00,2026-05-01T17:36:00-07:00,1,10
style.css,247,css,e813a413,pemam238,2026-05-01,17:36:00,-07:00,2026-05-01T17:36:00-07:00,1,17
style.css,248,css,e813a413,pemam238,2026-05-01,17:36:00,-07:00,2026-05-01T17:36:00-07:00,0,0
style.css,249,css,e813a413,pemam238,2026-05-01,17:36:00,-07:00,2026-05-01T17:36:00-07:00,0,18
style.css,250,css,e813a413,pemam238,2026-05-01,17:36:00,-07:00,2026-05-01T17:36:00-07:00,1,14
style.css,251,css,e813a413,pemam238,2026-05-01,17:36:00,-07:00,2026-05-01T17:36:00-07:00,1,16
style.css,252,css,e813a413,pemam238,2026-05-01,17:36:00,-07:00,2026-05-01T17:36:00-07:00,1,16
style.css,253,css,e813a413,pemam238,2026-05-01,17:36:00,-07:00,2026-05-01T17:36:00-07:00,0,0
style.css,254,css,e813a413,pemam238,2026-05-01,17:36:00,-07:00,2026-05-01T17:36:00-07:00,0,7
style.css,255,css,e813a413,pemam238,2026-05-01,17:36:00,-07:00,2026-05-01T17:36:00-07:00,1,12
style.css,256,css,e813a413,pemam238,2026-05-01,17:36:00,-07:00,2026-05-01T17:36:00-07:00,1,57
style.css,257,css,e813a413,pemam238,2026-05-01,17:36:00,-07:00,2026-05-01T17:36:00-07:00,1,7
style.css,258,css,e813a413,pemam238,2026-05-01,17:36:00,-07:00,2026-05-01T17:36:00-07:00,1,11
style.css,259,css,e813a413,pemam238,2026-05-01,17:36:00,-07:00,2026-05-01T17:36:00-07:00,1,16
style.css,260,css,e813a413,pemam238,2026-05-01,17:36:00,-07:00,2026-05-01T17:36:00-07:00,1,21
style.css,261,css,e813a413,pemam238,2026-05-01,17:36:00,-07:00,2026-05-01T17:36:00-07:00,1,15
style.css,262,css,e813a413,pemam238,2026-05-01,17:36:00,-07:00,2026-05-01T17:36:00-07:00,0,0
style.css,263,css,e813a413,pemam238,2026-05-01,17:36:00,-07:00,2026-05-01T17:36:00-07:00,0,0
style.css,264,css,e813a413,pemam238,2026-05-01,17:36:00,-07:00,2026-05-01T17:36:00-07:00,0,12
style.css,265,css,e813a413,pemam238,2026-05-01,17:36:00,-07:00,2026-05-01T17:36:00-07:00,1,12
style.css,266,css,e813a413,pemam238,2026-05-01,17:36:00,-07:00,2026-05-01T17:36:00-07:00,1,18
style.css,267,css,e813a413,pemam238,2026-05-01,17:36:00,-07:00,2026-05-01T17:36:00-07:00,1,9
style.css,268,css,e813a413,pemam238,2026-05-01,17:36:00,-07:00,2026-05-01T17:36:00-07:00,0,0
style.css,269,css,e813a413,pemam238,2026-05-01,17:36:00,-07:00,2026-05-01T17:36:00-07:00,0,0
style.css,270,css,e813a413,pemam238,2026-05-01,17:36:00,-07:00,2026-05-01T17:36:00-07:00,0,7
style.css,271,css,e813a413,pemam238,2026-05-01,17:36:00,-07:00,2026-05-01T17:36:00-07:00,1,20
style.css,272,css,e813a413,pemam238,2026-05-01,17:36:00,-07:00,2026-05-01T17:36:00-07:00,1,9
style.css,273,css,e813a413,pemam238,2026-05-01,17:36:00,-07:00,2026-05-01T17:36:00-07:00,1,10
style.css,274,css,e813a413,pemam238,2026-05-01,17:36:00,-07:00,2026-05-01T17:36:00-07:00,1,18
style.css,275,css,e813a413,pemam238,2026-05-01,17:36:00,-07:00,2026-05-01T17:36:00-07:00,1,29
style.css,276,css,e813a413,pemam238,2026-05-01,17:36:00,-07:00,2026-05-01T17:36:00-07:00,1,19
style.css,277,css,e813a413,pemam238,2026-05-01,17:36:00,-07:00,2026-05-01T17:36:00-07:00,0,0
style.css,278,css,e813a413,pemam238,2026-05-01,17:36:00,-07:00,2026-05-01T17:36:00-07:00,0,14
style.css,279,css,e813a413,pemam238,2026-05-01,17:36:00,-07:00,2026-05-01T17:36:00-07:00,1,12
style.css,280,css,e813a413,pemam238,2026-05-01,17:36:00,-07:00,2026-05-01T17:36:00-07:00,1,18
style.css,281,css,e813a413,pemam238,2026-05-01,17:36:00,-07:00,2026-05-01T17:36:00-07:00,1,7
style.css,282,css,e813a413,pemam238,2026-05-01,17:36:00,-07:00,2026-05-01T17:36:00-07:00,1,16
style.css,283,css,e813a413,pemam238,2026-05-01,17:36:00,-07:00,2026-05-01T17:36:00-07:00,0,0
style.css,284,css,e813a413,pemam238,2026-05-01,17:36:00,-07:00,2026-05-01T17:36:00-07:00,0,0
style.css,285,css,e813a413,pemam238,2026-05-01,17:36:00,-07:00,2026-05-01T17:36:00-07:00,0,22
style.css,286,css,e813a413,pemam238,2026-05-01,17:36:00,-07:00,2026-05-01T17:36:00-07:00,1,6
style.css,287,css,e813a413,pemam238,2026-05-01,17:36:00,-07:00,2026-05-01T17:36:00-07:00,0,0
style.css,288,css,e813a413,pemam238,2026-05-01,17:36:00,-07:00,2026-05-01T17:36:00-07:00,0,0
style.css,289,css,e813a413,pemam238,2026-05-01,17:36:00,-07:00,2026-05-01T17:36:00-07:00,0,10
style.css,290,css,e813a413,pemam238,2026-05-01,17:36:00,-07:00,2026-05-01T17:36:00-07:00,1,10
style.css,291,css,e813a413,pemam238,2026-05-01,17:36:00,-07:00,2026-05-01T17:36:00-07:00,1,14
style.css,292,css,e813a413,pemam238,2026-05-01,17:36:00,-07:00,2026-05-01T17:36:00-07:00,1,13
style.css,293,css,e813a413,pemam238,2026-05-01,17:36:00,-07:00,2026-05-01T17:36:00-07:00,1,20
style.css,294,css,e813a413,pemam238,2026-05-01,17:36:00,-07:00,2026-05-01T17:36:00-07:00,1,14
style.css,295,css,e813a413,pemam238,2026-05-01,17:36:00,-07:00,2026-05-01T17:36:00-07:00,0,0
style.css,296,css,e813a413,pemam238,2026-05-01,17:36:00,-07:00,2026-05-01T17:36:00-07:00,0,23
style.css,297,css,e813a413,pemam238,2026-05-01,17:36:00,-07:00,2026-05-01T17:36:00-07:00,1,16
style.css,298,css,e813a413,pemam238,2026-05-01,17:36:00,-07:00,2026-05-01T17:36:00-07:00,0,0
style.css,299,css,e813a413,pemam238,2026-05-01,17:36:00,-07:00,2026-05-01T17:36:00-07:00,0,51
style.css,300,css,e813a413,pemam238,2026-05-01,17:36:00,-07:00,2026-05-01T17:36:00-07:00,1,11
style.css,301,css,e813a413,pemam238,2026-05-01,17:36:00,-07:00,2026-05-01T17:36:00-07:00,0,0
style.css,302,css,e813a413,pemam238,2026-05-01,17:36:00,-07:00,2026-05-01T17:36:00-07:00,0,0
style.css,303,css,e813a413,pemam238,2026-05-01,17:36:00,-07:00,2026-05-01T17:36:00-07:00,0,23
style.css,304,css,e813a413,pemam238,2026-05-01,17:36:00,-07:00,2026-05-01T17:36:00-07:00,1,14
style.css,305,css,e813a413,pemam238,2026-05-01,17:36:00,-07:00,2026-05-01T17:36:00-07:00,0,0
style.css,306,css,e813a413,pemam238,2026-05-01,17:36:00,-07:00,2026-05-01T17:36:00-07:00,0,0
style.css,307,css,e813a413,pemam238,2026-05-01,17:36:00,-07:00,2026-05-01T17:36:00-07:00,0,9
style.css,308,css,e813a413,pemam238,2026-05-01,17:36:00,-07:00,2026-05-01T17:36:00-07:00,1,35
style.css,309,css,e813a413,pemam238,2026-05-01,17:36:00,-07:00,2026-05-01T17:36:00-07:00,0,0
style.css,310,css,e813a413,pemam238,2026-05-01,17:36:00,-07:00,2026-05-01T17:36:00-07:00,0,0
style.css,311,css,e813a413,pemam238,2026-05-01,17:36:00,-07:00,2026-05-01T17:36:00-07:00,0,18
style.css,312,css,e813a413,pemam238,2026-05-01,17:36:00,-07:00,2026-05-01T17:36:00-07:00,1,17
style.css,313,css,e813a413,pemam238,2026-05-01,17:36:00,-07:00,2026-05-01T17:36:00-07:00,0,0
style.css,314,css,e813a413,pemam238,2026-05-01,17:36:00,-07:00,2026-05-01T17:36:00-07:00,0,0
style.css,315,css,e813a413,pemam238,2026-05-01,17:36:00,-07:00,2026-05-01T17:36:00-07:00,0,21
style.css,316,css,e813a413,pemam238,2026-05-01,17:36:00,-07:00,2026-05-01T17:36:00-07:00,1,16
style.css,317,css,e813a413,pemam238,2026-05-01,17:36:00,-07:00,2026-05-01T17:36:00-07:00,0,0
style.css,318,css,e813a413,pemam238,2026-05-01,17:36:00,-07:00,2026-05-01T17:36:00-07:00,0,0
style.css,319,css,e813a413,pemam238,2026-05-01,17:36:00,-07:00,2026-05-01T17:36:00-07:00,0,29
style.css,320,css,e813a413,pemam238,2026-05-01,17:36:00,-07:00,2026-05-01T17:36:00-07:00,1,29
style.css,321,css,bbe4aa76,pemam238,2026-04-25,20:11:18,-07:00,2026-04-25T20:11:18-07:00,0,0
index.js,1,js,bbe4aa76,pemam238,2026-04-25,20:11:18,-07:00,2026-04-25T20:11:18-07:00,0,71
index.js,2,js,bbe4aa76,pemam238,2026-04-25,20:11:18,-07:00,2026-04-25T20:11:18-07:00,0,0
index.js,3,js,bbe4aa76,pemam238,2026-04-25,20:11:18,-07:00,2026-04-25T20:11:18-07:00,0,54
index.js,4,js,bbe4aa76,pemam238,2026-04-25,20:11:18,-07:00,2026-04-25T20:11:18-07:00,0,42
index.js,5,js,bbe4aa76,pemam238,2026-04-25,20:11:18,-07:00,2026-04-25T20:11:18-07:00,0,0
index.js,6,js,bbe4aa76,pemam238,2026-04-25,20:11:18,-07:00,2026-04-25T20:11:18-07:00,0,60
index.js,7,js,bbe4aa76,pemam238,2026-04-25,20:11:18,-07:00,2026-04-25T20:11:18-07:00,0,54
index.js,8,js,bbe4aa76,pemam238,2026-04-25,20:11:18,-07:00,2026-04-25T20:11:18-07:00,0,0
index.js,9,js,bbe4aa76,pemam238,2026-04-25,20:11:18,-07:00,2026-04-25T20:11:18-07:00,0,51
index.js,10,js,bbe4aa76,pemam238,2026-04-25,20:11:18,-07:00,2026-04-25T20:11:18-07:00,0,0
index.js,11,js,bbe4aa76,pemam238,2026-04-25,20:11:18,-07:00,2026-04-25T20:11:18-07:00,0,60
index.js,12,js,bbe4aa76,pemam238,2026-04-25,20:11:18,-07:00,2026-04-25T20:11:18-07:00,0,0
index.js,13,js,bbe4aa76,pemam238,2026-04-25,20:11:18,-07:00,2026-04-25T20:11:18-07:00,0,17
index.js,14,js,bbe4aa76,pemam238,2026-04-25,20:11:18,-07:00,2026-04-25T20:11:18-07:00,1,24
index.js,15,js,bbe4aa76,pemam238,2026-04-25,20:11:18,-07:00,2026-04-25T20:11:18-07:00,2,2
index.js,16,js,bbe4aa76,pemam238,2026-04-25,20:11:18,-07:00,2026-04-25T20:11:18-07:00,3,55
index.js,17,js,bbe4aa76,pemam238,2026-04-25,20:11:18,-07:00,2026-04-25T20:11:18-07:00,3,55
index.js,18,js,bbe4aa76,pemam238,2026-04-25,20:11:18,-07:00,2026-04-25T20:11:18-07:00,3,49
index.js,19,js,bbe4aa76,pemam238,2026-04-25,20:11:18,-07:00,2026-04-25T20:11:18-07:00,3,49
index.js,20,js,bbe4aa76,pemam238,2026-04-25,20:11:18,-07:00,2026-04-25T20:11:18-07:00,2,3
index.js,21,js,bbe4aa76,pemam238,2026-04-25,20:11:18,-07:00,2026-04-25T20:11:18-07:00,1,0
index.js,22,js,bbe4aa76,pemam238,2026-04-25,20:11:18,-07:00,2026-04-25T20:11:18-07:00,0,0
index.html,1,html,fff03c54,pemam238,2026-04-02,20:58:23,-07:00,2026-04-02T20:58:23-07:00,0,13
index.html,2,html,0f7b8833,pemam238,2026-05-01,18:10:19,-07:00,2026-05-01T18:10:19-07:00,0,32
index.html,3,html,fff03c54,pemam238,2026-04-02,20:58:23,-07:00,2026-04-02T20:58:23-07:00,0,4
index.html,4,html,66061f59,pemam238,2026-04-10,14:14:29,-07:00,2026-04-10T14:14:29-07:00,2,38
index.html,5,html,fff03c54,pemam238,2026-04-02,20:58:23,-07:00,2026-04-02T20:58:23-07:00,2,20
index.html,6,html,fff03c54,pemam238,2026-04-02,20:58:23,-07:00,2026-04-02T20:58:23-07:00,2,68
index.html,7,html,fff03c54,pemam238,2026-04-02,20:58:23,-07:00,2026-04-02T20:58:23-07:00,2,53
index.html,8,html,fff03c54,pemam238,2026-04-02,20:58:23,-07:00,2026-04-02T20:58:23-07:00,0,5
index.html,9,html,66061f59,pemam238,2026-04-10,14:14:29,-07:00,2026-04-10T14:14:29-07:00,0,0
index.html,10,html,fff03c54,pemam238,2026-04-02,20:58:23,-07:00,2026-04-02T20:58:23-07:00,0,4
index.html,11,html,66061f59,pemam238,2026-04-10,14:14:29,-07:00,2026-04-10T14:14:29-07:00,2,18
index.html,12,html,a80ab422,pemam238,2026-04-03,20:13:56,-07:00,2026-04-03T20:13:56-07:00,2,82
index.html,13,html,a80ab422,pemam238,2026-04-03,20:13:56,-07:00,2026-04-03T20:13:56-07:00,4,70
index.html,14,html,a80ab422,pemam238,2026-04-03,20:13:56,-07:00,2026-04-03T20:13:56-07:00,2,2
index.html,15,html,c62ba3cf,pemam238,2026-05-01,18:00:47,-07:00,2026-05-01T18:00:47-07:00,2,71
index.html,16,html,8e3776f9,pemam238,2026-04-17,09:14:16,-07:00,2026-04-17T09:14:16-07:00,0,0
index.html,17,html,c62ba3cf,pemam238,2026-05-01,18:00:47,-07:00,2026-05-01T18:00:47-07:00,2,45
index.html,18,html,fff03c54,pemam238,2026-04-02,20:58:23,-07:00,2026-04-02T20:58:23-07:00,0,5
index.html,19,html,fff03c54,pemam238,2026-04-02,20:58:23,-07:00,2026-04-02T20:58:23-07:00,0,5
global.js,1,js,8e3776f9,pemam238,2026-04-17,09:14:16,-07:00,2026-04-17T09:14:16-07:00,0,25
global.js,2,js,8e3776f9,pemam238,2026-04-17,09:14:16,-07:00,2026-04-17T09:14:16-07:00,0,0
global.js,3,js,8e3776f9,pemam238,2026-04-17,09:14:16,-07:00,2026-04-17T09:14:16-07:00,0,41
global.js,4,js,8e3776f9,pemam238,2026-04-17,09:14:16,-07:00,2026-04-17T09:14:16-07:00,1,52
global.js,5,js,8e3776f9,pemam238,2026-04-17,09:14:16,-07:00,2026-04-17T09:14:16-07:00,0,0
global.js,6,js,8e3776f9,pemam238,2026-04-17,09:14:16,-07:00,2026-04-17T09:14:16-07:00,0,0
global.js,7,js,8e3776f9,pemam238,2026-04-17,09:14:16,-07:00,2026-04-17T09:14:16-07:00,0,11
global.js,8,js,8e3776f9,pemam238,2026-04-17,09:14:16,-07:00,2026-04-17T09:14:16-07:00,1,25
global.js,9,js,8e3776f9,pemam238,2026-04-17,09:14:16,-07:00,2026-04-17T09:14:16-07:00,1,38
global.js,10,js,8e3776f9,pemam238,2026-04-17,09:14:16,-07:00,2026-04-17T09:14:16-07:00,1,36
global.js,11,js,8e3776f9,pemam238,2026-04-17,09:14:16,-07:00,2026-04-17T09:14:16-07:00,1,34
global.js,12,js,8e3776f9,pemam238,2026-04-17,09:14:16,-07:00,2026-04-17T09:14:16-07:00,1,54
global.js,13,js,8e3776f9,pemam238,2026-04-17,09:14:16,-07:00,2026-04-17T09:14:16-07:00,0,0
global.js,14,js,8e3776f9,pemam238,2026-04-17,09:14:16,-07:00,2026-04-17T09:14:16-07:00,0,0
global.js,15,js,8e3776f9,pemam238,2026-04-17,09:14:16,-07:00,2026-04-17T09:14:16-07:00,0,38
global.js,16,js,8e3776f9,pemam238,2026-04-17,09:14:16,-07:00,2026-04-17T09:14:16-07:00,0,25
global.js,17,js,8e3776f9,pemam238,2026-04-17,09:14:16,-07:00,2026-04-17T09:14:16-07:00,0,0
global.js,18,js,8e3776f9,pemam238,2026-04-17,09:14:16,-07:00,2026-04-17T09:14:16-07:00,0,0
global.js,19,js,0f7b8833,pemam238,2026-05-01,18:10:19,-07:00,2026-05-01T18:10:19-07:00,0,75
global.js,20,js,0f7b8833,pemam238,2026-05-01,18:10:19,-07:00,2026-05-01T18:10:19-07:00,0,0
global.js,21,js,8e3776f9,pemam238,2026-04-17,09:14:16,-07:00,2026-04-17T09:14:16-07:00,0,88
global.js,22,js,72224dfc,pemam238,2026-05-01,17:58:10,-07:00,2026-05-01T17:58:10-07:00,1,3
global.js,23,js,f2d1b043,pemam238,2026-05-01,18:15:33,-07:00,2026-05-01T18:15:33-07:00,1,14
global.js,24,js,8e3776f9,pemam238,2026-04-17,09:14:16,-07:00,2026-04-17T09:14:16-07:00,0,0
global.js,25,js,8e3776f9,pemam238,2026-04-17,09:14:16,-07:00,2026-04-17T09:14:16-07:00,0,20
global.js,26,js,8e3776f9,pemam238,2026-04-17,09:14:16,-07:00,2026-04-17T09:14:16-07:00,1,14
global.js,27,js,8e3776f9,pemam238,2026-04-17,09:14:16,-07:00,2026-04-17T09:14:16-07:00,1,18
global.js,28,js,8e3776f9,pemam238,2026-04-17,09:14:16,-07:00,2026-04-17T09:14:16-07:00,0,0
global.js,29,js,72224dfc,pemam238,2026-05-01,17:58:10,-07:00,2026-05-01T17:58:10-07:00,1,70
global.js,30,js,0f7b8833,pemam238,2026-05-01,18:10:19,-07:00,2026-05-01T18:10:19-07:00,1,16
global.js,31,js,8e3776f9,pemam238,2026-04-17,09:14:16,-07:00,2026-04-17T09:14:16-07:00,0,0
global.js,32,js,8e3776f9,pemam238,2026-04-17,09:14:16,-07:00,2026-04-17T09:14:16-07:00,1,34
global.js,33,js,8e3776f9,pemam238,2026-04-17,09:14:16,-07:00,2026-04-17T09:14:16-07:00,1,11
global.js,34,js,8e3776f9,pemam238,2026-04-17,09:14:16,-07:00,2026-04-17T09:14:16-07:00,1,20
global.js,35,js,8e3776f9,pemam238,2026-04-17,09:14:16,-07:00,2026-04-17T09:14:16-07:00,0,0
global.js,36,js,72224dfc,pemam238,2026-05-01,17:58:10,-07:00,2026-05-01T17:58:10-07:00,1,65
global.js,37,js,72224dfc,pemam238,2026-05-01,17:58:10,-07:00,2026-05-01T17:58:10-07:00,2,25
global.js,38,js,72224dfc,pemam238,2026-05-01,17:58:10,-07:00,2026-05-01T17:58:10-07:00,1,0
global.js,39,js,8e3776f9,pemam238,2026-04-17,09:14:16,-07:00,2026-04-17T09:14:16-07:00,0,0
global.js,40,js,72224dfc,pemam238,2026-05-01,17:58:10,-07:00,2026-05-01T17:58:10-07:00,1,29
global.js,41,js,8e3776f9,pemam238,2026-04-17,09:14:16,-07:00,2026-04-17T09:14:16-07:00,2,18
global.js,42,js,72224dfc,pemam238,2026-05-01,17:58:10,-07:00,2026-05-01T17:58:10-07:00,1,0
global.js,43,js,8e3776f9,pemam238,2026-04-17,09:14:16,-07:00,2026-04-17T09:14:16-07:00,0,0
global.js,44,js,72224dfc,pemam238,2026-05-01,17:58:10,-07:00,2026-05-01T17:58:10-07:00,1,12
global.js,45,js,72224dfc,pemam238,2026-05-01,17:58:10,-07:00,2026-05-01T17:58:10-07:00,0,0
global.js,46,js,8e3776f9,pemam238,2026-04-17,09:14:16,-07:00,2026-04-17T09:14:16-07:00,0,0
global.js,47,js,8e3776f9,pemam238,2026-04-17,09:14:16,-07:00,2026-04-17T09:14:16-07:00,0,31
global.js,48,js,8e3776f9,pemam238,2026-04-17,09:14:16,-07:00,2026-04-17T09:14:16-07:00,1,11
global.js,49,js,8e3776f9,pemam238,2026-04-17,09:14:16,-07:00,2026-04-17T09:14:16-07:00,1,0
global.js,50,js,8e3776f9,pemam238,2026-04-17,09:14:16,-07:00,2026-04-17T09:14:16-07:00,1,26
global.js,51,js,8e3776f9,pemam238,2026-04-17,09:14:16,-07:00,2026-04-17T09:14:16-07:00,2,4
global.js,52,js,8e3776f9,pemam238,2026-04-17,09:14:16,-07:00,2026-04-17T09:14:16-07:00,2,6
global.js,53,js,8e3776f9,pemam238,2026-04-17,09:14:16,-07:00,2026-04-17T09:14:16-07:00,3,43
global.js,54,js,8e3776f9,pemam238,2026-04-17,09:14:16,-07:00,2026-04-17T09:14:16-07:00,3,34
global.js,55,js,8e3776f9,pemam238,2026-04-17,09:14:16,-07:00,2026-04-17T09:14:16-07:00,3,32
global.js,56,js,8e3776f9,pemam238,2026-04-17,09:14:16,-07:00,2026-04-17T09:14:16-07:00,2,7
global.js,57,js,8e3776f9,pemam238,2026-04-17,09:14:16,-07:00,2026-04-17T09:14:16-07:00,1,6
global.js,58,js,8e3776f9,pemam238,2026-04-17,09:14:16,-07:00,2026-04-17T09:14:16-07:00,0,0
global.js,59,js,8e3776f9,pemam238,2026-04-17,09:14:16,-07:00,2026-04-17T09:14:16-07:00,0,0
global.js,60,js,8e3776f9,pemam238,2026-04-17,09:14:16,-07:00,2026-04-17T09:14:16-07:00,0,0
global.js,61,js,8e3776f9,pemam238,2026-04-17,09:14:16,-07:00,2026-04-17T09:14:16-07:00,0,58
global.js,62,js,8e3776f9,pemam238,2026-04-17,09:14:16,-07:00,2026-04-17T09:14:16-07:00,0,0
global.js,63,js,8e3776f9,pemam238,2026-04-17,09:14:16,-07:00,2026-04-17T09:14:16-07:00,0,0
global.js,64,js,8e3776f9,pemam238,2026-04-17,09:14:16,-07:00,2026-04-17T09:14:16-07:00,0,36
global.js,65,js,8e3776f9,pemam238,2026-04-17,09:14:16,-07:00,2026-04-17T09:14:16-07:00,1,70
global.js,66,js,8e3776f9,pemam238,2026-04-17,09:14:16,-07:00,2026-04-17T09:14:16-07:00,1,25
global.js,67,js,8e3776f9,pemam238,2026-04-17,09:14:16,-07:00,2026-04-17T09:14:16-07:00,0,0
global.js,68,js,8e3776f9,pemam238,2026-04-17,09:14:16,-07:00,2026-04-17T09:14:16-07:00,0,0
global.js,69,js,8e3776f9,pemam238,2026-04-17,09:14:16,-07:00,2026-04-17T09:14:16-07:00,0,0
global.js,70,js,8e3776f9,pemam238,2026-04-17,09:14:16,-07:00,2026-04-17T09:14:16-07:00,0,34
global.js,71,js,8e3776f9,pemam238,2026-04-17,09:14:16,-07:00,2026-04-17T09:14:16-07:00,1,39
global.js,72,js,8e3776f9,pemam238,2026-04-17,09:14:16,-07:00,2026-04-17T09:14:16-07:00,0,0
global.js,73,js,8e3776f9,pemam238,2026-04-17,09:14:16,-07:00,2026-04-17T09:14:16-07:00,0,0
global.js,74,js,8e3776f9,pemam238,2026-04-17,09:14:16,-07:00,2026-04-17T09:14:16-07:00,0,0
global.js,75,js,8e3776f9,pemam238,2026-04-17,09:14:16,-07:00,2026-04-17T09:14:16-07:00,0,49
global.js,76,js,8e3776f9,pemam238,2026-04-17,09:14:16,-07:00,2026-04-17T09:14:16-07:00,0,33
global.js,77,js,8e3776f9,pemam238,2026-04-17,09:14:16,-07:00,2026-04-17T09:14:16-07:00,1,44
global.js,78,js,8e3776f9,pemam238,2026-04-17,09:14:16,-07:00,2026-04-17T09:14:16-07:00,0,1
global.js,79,js,8e3776f9,pemam238,2026-04-17,09:14:16,-07:00,2026-04-17T09:14:16-07:00,0,0
global.js,80,js,517c57b0,pemam238,2026-04-17,09:32:25,-07:00,2026-04-17T09:32:25-07:00,0,40
global.js,81,js,517c57b0,pemam238,2026-04-17,09:32:25,-07:00,2026-04-17T09:32:25-07:00,0,0
global.js,82,js,517c57b0,pemam238,2026-04-17,09:32:25,-07:00,2026-04-17T09:32:25-07:00,0,49
global.js,83,js,517c57b0,pemam238,2026-04-17,09:32:25,-07:00,2026-04-17T09:32:25-07:00,1,21
global.js,84,js,517c57b0,pemam238,2026-04-17,09:32:25,-07:00,2026-04-17T09:32:25-07:00,0,0
global.js,85,js,517c57b0,pemam238,2026-04-17,09:32:25,-07:00,2026-04-17T09:32:25-07:00,1,28
global.js,86,js,517c57b0,pemam238,2026-04-17,09:32:25,-07:00,2026-04-17T09:32:25-07:00,1,14
global.js,87,js,517c57b0,pemam238,2026-04-17,09:32:25,-07:00,2026-04-17T09:32:25-07:00,0,0
global.js,88,js,517c57b0,pemam238,2026-04-17,09:32:25,-07:00,2026-04-17T09:32:25-07:00,1,31
global.js,89,js,517c57b0,pemam238,2026-04-17,09:32:25,-07:00,2026-04-17T09:32:25-07:00,2,50
global.js,90,js,517c57b0,pemam238,2026-04-17,09:32:25,-07:00,2026-04-17T09:32:25-07:00,1,0
global.js,91,js,517c57b0,pemam238,2026-04-17,09:32:25,-07:00,2026-04-17T09:32:25-07:00,0,0
global.js,92,js,517c57b0,pemam238,2026-04-17,09:32:25,-07:00,2026-04-17T09:32:25-07:00,1,45
global.js,93,js,517c57b0,pemam238,2026-04-17,09:32:25,-07:00,2026-04-17T09:32:25-07:00,1,18
global.js,94,js,517c57b0,pemam238,2026-04-17,09:32:25,-07:00,2026-04-17T09:32:25-07:00,0,1
global.js,95,js,517c57b0,pemam238,2026-04-17,09:32:25,-07:00,2026-04-17T09:32:25-07:00,0,0
global.js,96,js,bbe4aa76,pemam238,2026-04-25,20:11:18,-07:00,2026-04-25T20:11:18-07:00,0,36
global.js,97,js,bbe4aa76,pemam238,2026-04-25,20:11:18,-07:00,2026-04-25T20:11:18-07:00,1,3
global.js,98,js,bbe4aa76,pemam238,2026-04-25,20:11:18,-07:00,2026-04-25T20:11:18-07:00,2,32
global.js,99,js,bbe4aa76,pemam238,2026-04-25,20:11:18,-07:00,2026-04-25T20:11:18-07:00,2,17
global.js,100,js,bbe4aa76,pemam238,2026-04-25,20:11:18,-07:00,2026-04-25T20:11:18-07:00,3,66
global.js,101,js,bbe4aa76,pemam238,2026-04-25,20:11:18,-07:00,2026-04-25T20:11:18-07:00,2,0
global.js,102,js,bbe4aa76,pemam238,2026-04-25,20:11:18,-07:00,2026-04-25T20:11:18-07:00,2,54
global.js,103,js,bbe4aa76,pemam238,2026-04-25,20:11:18,-07:00,2026-04-25T20:11:18-07:00,2,51
global.js,104,js,bbe4aa76,pemam238,2026-04-25,20:11:18,-07:00,2026-04-25T20:11:18-07:00,1,15
global.js,105,js,bbe4aa76,pemam238,2026-04-25,20:11:18,-07:00,2026-04-25T20:11:18-07:00,2,59
global.js,106,js,bbe4aa76,pemam238,2026-04-25,20:11:18,-07:00,2026-04-25T20:11:18-07:00,1,0
global.js,107,js,bbe4aa76,pemam238,2026-04-25,20:11:18,-07:00,2026-04-25T20:11:18-07:00,0,0
global.js,108,js,bbe4aa76,pemam238,2026-04-25,20:11:18,-07:00,2026-04-25T20:11:18-07:00,0,0
global.js,109,js,bbe4aa76,pemam238,2026-04-25,20:11:18,-07:00,2026-04-25T20:11:18-07:00,0,79
global.js,110,js,bbe4aa76,pemam238,2026-04-25,20:11:18,-07:00,2026-04-25T20:11:18-07:00,1,30
global.js,111,js,bbe4aa76,pemam238,2026-04-25,20:11:18,-07:00,2026-04-25T20:11:18-07:00,0,0
global.js,112,js,bbe4aa76,pemam238,2026-04-25,20:11:18,-07:00,2026-04-25T20:11:18-07:00,1,29
global.js,113,js,bbe4aa76,pemam238,2026-04-25,20:11:18,-07:00,2026-04-25T20:11:18-07:00,2,48
global.js,114,js,bbe4aa76,pemam238,2026-04-25,20:11:18,-07:00,2026-04-25T20:11:18-07:00,0,0
global.js,115,js,e813a413,pemam238,2026-05-01,17:36:00,-07:00,2026-05-01T17:36:00-07:00,1,19
global.js,116,js,bbe4aa76,pemam238,2026-04-25,20:11:18,-07:00,2026-04-25T20:11:18-07:00,3,49
global.js,117,js,bbe4aa76,pemam238,2026-04-25,20:11:18,-07:00,2026-04-25T20:11:18-07:00,3,49
global.js,118,js,e813a413,pemam238,2026-05-01,17:36:00,-07:00,2026-05-01T17:36:00-07:00,3,3
global.js,119,js,e813a413,pemam238,2026-05-01,17:36:00,-07:00,2026-05-01T17:36:00-07:00,4,27
global.js,120,js,e813a413,pemam238,2026-05-01,17:36:00,-07:00,2026-05-01T17:36:00-07:00,4,41
global.js,121,js,e813a413,pemam238,2026-05-01,17:36:00,-07:00,2026-05-01T17:36:00-07:00,3,4
global.js,122,js,bbe4aa76,pemam238,2026-04-25,20:11:18,-07:00,2026-04-25T20:11:18-07:00,2,0
global.js,123,js,bbe4aa76,pemam238,2026-04-25,20:11:18,-07:00,2026-04-25T20:11:18-07:00,0,0
global.js,124,js,bbe4aa76,pemam238,2026-04-25,20:11:18,-07:00,2026-04-25T20:11:18-07:00,2,36
global.js,125,js,bbe4aa76,pemam238,2026-04-25,20:11:18,-07:00,2026-04-25T20:11:18-07:00,1,0
global.js,126,js,bbe4aa76,pemam238,2026-04-25,20:11:18,-07:00,2026-04-25T20:11:18-07:00,0,0
global.js,127,js,bbe4aa76,pemam238,2026-04-25,20:11:18,-07:00,2026-04-25T20:11:18-07:00,0,0
global.js,128,js,bbe4aa76,pemam238,2026-04-25,20:11:18,-07:00,2026-04-25T20:11:18-07:00,0,47
global.js,129,js,bbe4aa76,pemam238,2026-04-25,20:11:18,-07:00,2026-04-25T20:11:18-07:00,1,59
global.js,130,js,bbe4aa76,pemam238,2026-04-25,20:11:18,-07:00,2026-04-25T20:11:18-07:00,0,0
resume\index.html,1,html,a4d63f40,pemam238,2026-04-03,18:40:22,-07:00,2026-04-03T18:40:22-07:00,0,13
resume\index.html,2,html,a4d63f40,pemam238,2026-04-03,18:40:22,-07:00,2026-04-03T18:40:22-07:00,0,14
resume\index.html,3,html,a4d63f40,pemam238,2026-04-03,18:40:22,-07:00,2026-04-03T18:40:22-07:00,0,4
resume\index.html,4,html,66061f59,pemam238,2026-04-10,14:14:29,-07:00,2026-04-10T14:14:29-07:00,2,41
resume\index.html,5,html,a4d63f40,pemam238,2026-04-03,18:40:22,-07:00,2026-04-03T18:40:22-07:00,2,20
resume\index.html,6,html,a4d63f40,pemam238,2026-04-03,18:40:22,-07:00,2026-04-03T18:40:22-07:00,2,68
resume\index.html,7,html,a4d63f40,pemam238,2026-04-03,18:40:22,-07:00,2026-04-03T18:40:22-07:00,2,21
resume\index.html,8,html,a4d63f40,pemam238,2026-04-03,18:40:22,-07:00,2026-04-03T18:40:22-07:00,0,5
resume\index.html,9,html,a4d63f40,pemam238,2026-04-03,18:40:22,-07:00,2026-04-03T18:40:22-07:00,0,4
resume\index.html,10,html,8e3776f9,pemam238,2026-04-17,09:14:16,-07:00,2026-04-17T09:14:16-07:00,2,8
resume\index.html,11,html,a4d63f40,pemam238,2026-04-03,18:40:22,-07:00,2026-04-03T18:40:22-07:00,2,2
resume\index.html,12,html,a4d63f40,pemam238,2026-04-03,18:40:22,-07:00,2026-04-03T18:40:22-07:00,4,39
resume\index.html,13,html,a4d63f40,pemam238,2026-04-03,18:40:22,-07:00,2026-04-03T18:40:22-07:00,4,52
resume\index.html,14,html,a4d63f40,pemam238,2026-04-03,18:40:22,-07:00,2026-04-03T18:40:22-07:00,4,50
resume\index.html,15,html,a4d63f40,pemam238,2026-04-03,18:40:22,-07:00,2026-04-03T18:40:22-07:00,4,74
resume\index.html,16,html,a4d63f40,pemam238,2026-04-03,18:40:22,-07:00,2026-04-03T18:40:22-07:00,4,38
resume\index.html,17,html,a4d63f40,pemam238,2026-04-03,18:40:22,-07:00,2026-04-03T18:40:22-07:00,4,0
resume\index.html,18,html,a4d63f40,pemam238,2026-04-03,18:40:22,-07:00,2026-04-03T18:40:22-07:00,2,3
resume\index.html,19,html,8e3776f9,pemam238,2026-04-17,09:14:16,-07:00,2026-04-17T09:14:16-07:00,0,8
resume\index.html,20,html,66061f59,pemam238,2026-04-10,14:14:29,-07:00,2026-04-10T14:14:29-07:00,2,13
resume\index.html,21,html,66061f59,pemam238,2026-04-10,14:14:29,-07:00,2026-04-10T14:14:29-07:00,0,0
resume\index.html,22,html,a80ab422,pemam238,2026-04-03,20:13:56,-07:00,2026-04-03T20:13:56-07:00,0,0
resume\index.html,23,html,a4d63f40,pemam238,2026-04-03,18:40:22,-07:00,2026-04-03T18:40:22-07:00,2,4
resume\index.html,24,html,25629e93,pemam238,2026-04-03,19:09:28,-07:00,2026-04-03T19:09:28-07:00,2,18
resume\index.html,25,html,25629e93,pemam238,2026-04-03,19:09:28,-07:00,2026-04-03T19:09:28-07:00,2,42
resume\index.html,26,html,a4d63f40,pemam238,2026-04-03,18:40:22,-07:00,2026-04-03T18:40:22-07:00,0,0
resume\index.html,27,html,a4d63f40,pemam238,2026-04-03,18:40:22,-07:00,2026-04-03T18:40:22-07:00,2,7
resume\index.html,28,html,a4d63f40,pemam238,2026-04-03,18:40:22,-07:00,2026-04-03T18:40:22-07:00,3,16
resume\index.html,29,html,a4d63f40,pemam238,2026-04-03,18:40:22,-07:00,2026-04-03T18:40:22-07:00,3,7
resume\index.html,30,html,a4d63f40,pemam238,2026-04-03,18:40:22,-07:00,2026-04-03T18:40:22-07:00,4,6
resume\index.html,31,html,25629e93,pemam238,2026-04-03,19:09:28,-07:00,2026-04-03T19:09:28-07:00,5,22
resume\index.html,32,html,25629e93,pemam238,2026-04-03,19:09:28,-07:00,2026-04-03T19:09:28-07:00,5,40
resume\index.html,33,html,a4d63f40,pemam238,2026-04-03,18:40:22,-07:00,2026-04-03T18:40:22-07:00,4,7
resume\index.html,34,html,a4d63f40,pemam238,2026-04-03,18:40:22,-07:00,2026-04-03T18:40:22-07:00,4,88
resume\index.html,35,html,a4d63f40,pemam238,2026-04-03,18:40:22,-07:00,2026-04-03T18:40:22-07:00,4,2
resume\index.html,36,html,25629e93,pemam238,2026-04-03,19:09:28,-07:00,2026-04-03T19:09:28-07:00,5,69
resume\index.html,37,html,a4d63f40,pemam238,2026-04-03,18:40:22,-07:00,2026-04-03T18:40:22-07:00,4,3
resume\index.html,38,html,a4d63f40,pemam238,2026-04-03,18:40:22,-07:00,2026-04-03T18:40:22-07:00,3,8
resume\index.html,39,html,a4d63f40,pemam238,2026-04-03,18:40:22,-07:00,2026-04-03T18:40:22-07:00,2,8
resume\index.html,40,html,a4d63f40,pemam238,2026-04-03,18:40:22,-07:00,2026-04-03T18:40:22-07:00,0,0
resume\index.html,41,html,a4d63f40,pemam238,2026-04-03,18:40:22,-07:00,2026-04-03T18:40:22-07:00,2,7
resume\index.html,42,html,25629e93,pemam238,2026-04-03,19:09:28,-07:00,2026-04-03T19:09:28-07:00,3,17
resume\index.html,43,html,a4d63f40,pemam238,2026-04-03,18:40:22,-07:00,2026-04-03T18:40:22-07:00,3,7
resume\index.html,44,html,a4d63f40,pemam238,2026-04-03,18:40:22,-07:00,2026-04-03T18:40:22-07:00,4,6
resume\index.html,45,html,a4d63f40,pemam238,2026-04-03,18:40:22,-07:00,2026-04-03T18:40:22-07:00,5,22
resume\index.html,46,html,25629e93,pemam238,2026-04-03,19:09:28,-07:00,2026-04-03T19:09:28-07:00,5,18
resume\index.html,47,html,a4d63f40,pemam238,2026-04-03,18:40:22,-07:00,2026-04-03T18:40:22-07:00,4,7
resume\index.html,48,html,a4d63f40,pemam238,2026-04-03,18:40:22,-07:00,2026-04-03T18:40:22-07:00,4,88
resume\index.html,49,html,a4d63f40,pemam238,2026-04-03,18:40:22,-07:00,2026-04-03T18:40:22-07:00,4,2
resume\index.html,50,html,25629e93,pemam238,2026-04-03,19:09:28,-07:00,2026-04-03T19:09:28-07:00,5,43
resume\index.html,51,html,25629e93,pemam238,2026-04-03,19:09:28,-07:00,2026-04-03T19:09:28-07:00,5,23
resume\index.html,52,html,a4d63f40,pemam238,2026-04-03,18:40:22,-07:00,2026-04-03T18:40:22-07:00,4,3
resume\index.html,53,html,a4d63f40,pemam238,2026-04-03,18:40:22,-07:00,2026-04-03T18:40:22-07:00,3,8
resume\index.html,54,html,83c450aa,pemam238,2026-04-03,20:06:14,-07:00,2026-04-03T20:06:14-07:00,4,7
resume\index.html,55,html,83c450aa,pemam238,2026-04-03,20:06:14,-07:00,2026-04-03T20:06:14-07:00,4,6
resume\index.html,56,html,83c450aa,pemam238,2026-04-03,20:06:14,-07:00,2026-04-03T20:06:14-07:00,5,20
resume\index.html,57,html,83c450aa,pemam238,2026-04-03,20:06:14,-07:00,2026-04-03T20:06:14-07:00,5,14
resume\index.html,58,html,83c450aa,pemam238,2026-04-03,20:06:14,-07:00,2026-04-03T20:06:14-07:00,4,7
resume\index.html,59,html,83c450aa,pemam238,2026-04-03,20:06:14,-07:00,2026-04-03T20:06:14-07:00,4,88
resume\index.html,60,html,83c450aa,pemam238,2026-04-03,20:06:14,-07:00,2026-04-03T20:06:14-07:00,4,2
resume\index.html,61,html,83c450aa,pemam238,2026-04-03,20:06:14,-07:00,2026-04-03T20:06:14-07:00,5,22
resume\index.html,62,html,83c450aa,pemam238,2026-04-03,20:06:14,-07:00,2026-04-03T20:06:14-07:00,5,22
resume\index.html,63,html,83c450aa,pemam238,2026-04-03,20:06:14,-07:00,2026-04-03T20:06:14-07:00,4,3
resume\index.html,64,html,83c450aa,pemam238,2026-04-03,20:06:14,-07:00,2026-04-03T20:06:14-07:00,3,8
resume\index.html,65,html,83c450aa,pemam238,2026-04-03,20:06:14,-07:00,2026-04-03T20:06:14-07:00,0,0
resume\index.html,66,html,83c450aa,pemam238,2026-04-03,20:06:14,-07:00,2026-04-03T20:06:14-07:00,2,8
resume\index.html,67,html,83c450aa,pemam238,2026-04-03,20:06:14,-07:00,2026-04-03T20:06:14-07:00,0,0
resume\index.html,68,html,83c450aa,pemam238,2026-04-03,20:06:14,-07:00,2026-04-03T20:06:14-07:00,2,7
resume\index.html,69,html,83c450aa,pemam238,2026-04-03,20:06:14,-07:00,2026-04-03T20:06:14-07:00,3,15
resume\index.html,70,html,83c450aa,pemam238,2026-04-03,20:06:14,-07:00,2026-04-03T20:06:14-07:00,3,7
resume\index.html,71,html,83c450aa,pemam238,2026-04-03,20:06:14,-07:00,2026-04-03T20:06:14-07:00,4,6
resume\index.html,72,html,83c450aa,pemam238,2026-04-03,20:06:14,-07:00,2026-04-03T20:06:14-07:00,5,26
resume\index.html,73,html,83c450aa,pemam238,2026-04-03,20:06:14,-07:00,2026-04-03T20:06:14-07:00,4,7
resume\index.html,74,html,83c450aa,pemam238,2026-04-03,20:06:14,-07:00,2026-04-03T20:06:14-07:00,4,88
resume\index.html,75,html,83c450aa,pemam238,2026-04-03,20:06:14,-07:00,2026-04-03T20:06:14-07:00,4,2
resume\index.html,76,html,83c450aa,pemam238,2026-04-03,20:06:14,-07:00,2026-04-03T20:06:14-07:00,5,59
resume\index.html,77,html,83c450aa,pemam238,2026-04-03,20:06:14,-07:00,2026-04-03T20:06:14-07:00,4,3
resume\index.html,78,html,83c450aa,pemam238,2026-04-03,20:06:14,-07:00,2026-04-03T20:06:14-07:00,3,8
resume\index.html,79,html,a4d63f40,pemam238,2026-04-03,18:40:22,-07:00,2026-04-03T18:40:22-07:00,2,8
resume\index.html,80,html,a4d63f40,pemam238,2026-04-03,18:40:22,-07:00,2026-04-03T18:40:22-07:00,0,0
resume\index.html,81,html,a4d63f40,pemam238,2026-04-03,18:40:22,-07:00,2026-04-03T18:40:22-07:00,2,7
resume\index.html,82,html,a4d63f40,pemam238,2026-04-03,18:40:22,-07:00,2026-04-03T18:40:22-07:00,3,13
resume\index.html,83,html,a4d63f40,pemam238,2026-04-03,18:40:22,-07:00,2026-04-03T18:40:22-07:00,3,2
resume\index.html,84,html,a4d63f40,pemam238,2026-04-03,18:40:22,-07:00,2026-04-03T18:40:22-07:00,4,28
resume\index.html,85,html,a4d63f40,pemam238,2026-04-03,18:40:22,-07:00,2026-04-03T18:40:22-07:00,4,18
resume\index.html,86,html,a4d63f40,pemam238,2026-04-03,18:40:22,-07:00,2026-04-03T18:40:22-07:00,3,3
resume\index.html,87,html,a4d63f40,pemam238,2026-04-03,18:40:22,-07:00,2026-04-03T18:40:22-07:00,2,8
resume\index.html,88,html,a4d63f40,pemam238,2026-04-03,18:40:22,-07:00,2026-04-03T18:40:22-07:00,1,5
resume\index.html,89,html,8e3776f9,pemam238,2026-04-17,09:14:16,-07:00,2026-04-17T09:14:16-07:00,0,51
resume\index.html,90,html,a4d63f40,pemam238,2026-04-03,18:40:22,-07:00,2026-04-03T18:40:22-07:00,0,5
resume\index.html,91,html,a4d63f40,pemam238,2026-04-03,18:40:22,-07:00,2026-04-03T18:40:22-07:00,0,5
projects\projects.js,1,js,e813a413,pemam238,2026-05-01,17:36:00,-07:00,2026-05-01T17:36:00-07:00,0,63
projects\projects.js,2,js,bbe4aa76,pemam238,2026-04-25,20:11:18,-07:00,2026-04-25T20:11:18-07:00,0,72
projects\projects.js,3,js,bbe4aa76,pemam238,2026-04-25,20:11:18,-07:00,2026-04-25T20:11:18-07:00,0,0
projects\projects.js,4,js,bbe4aa76,pemam238,2026-04-25,20:11:18,-07:00,2026-04-25T20:11:18-07:00,0,55
projects\projects.js,5,js,e813a413,pemam238,2026-05-01,17:36:00,-07:00,2026-05-01T17:36:00-07:00,0,0
projects\projects.js,6,js,bbe4aa76,pemam238,2026-04-25,20:11:18,-07:00,2026-04-25T20:11:18-07:00,0,60
projects\projects.js,7,js,e813a413,pemam238,2026-05-01,17:36:00,-07:00,2026-05-01T17:36:00-07:00,0,62
projects\projects.js,8,js,e813a413,pemam238,2026-05-01,17:36:00,-07:00,2026-05-01T17:36:00-07:00,0,55
projects\projects.js,9,js,e813a413,pemam238,2026-05-01,17:36:00,-07:00,2026-05-01T17:36:00-07:00,0,0
projects\projects.js,10,js,e813a413,pemam238,2026-05-01,17:36:00,-07:00,2026-05-01T17:36:00-07:00,0,13
projects\projects.js,11,js,e813a413,pemam238,2026-05-01,17:36:00,-07:00,2026-05-01T17:36:00-07:00,0,22
projects\projects.js,12,js,e813a413,pemam238,2026-05-01,17:36:00,-07:00,2026-05-01T17:36:00-07:00,0,0
projects\projects.js,13,js,e813a413,pemam238,2026-05-01,17:36:00,-07:00,2026-05-01T17:36:00-07:00,0,38
projects\projects.js,14,js,e813a413,pemam238,2026-05-01,17:36:00,-07:00,2026-05-01T17:36:00-07:00,1,40
projects\projects.js,15,js,e813a413,pemam238,2026-05-01,17:36:00,-07:00,2026-05-01T17:36:00-07:00,2,59
projects\projects.js,16,js,e813a413,pemam238,2026-05-01,17:36:00,-07:00,2026-05-01T17:36:00-07:00,2,42
projects\projects.js,17,js,e813a413,pemam238,2026-05-01,17:36:00,-07:00,2026-05-01T17:36:00-07:00,1,1
projects\projects.js,18,js,e813a413,pemam238,2026-05-01,17:36:00,-07:00,2026-05-01T17:36:00-07:00,0,0
projects\projects.js,19,js,e813a413,pemam238,2026-05-01,17:36:00,-07:00,2026-05-01T17:36:00-07:00,0,0
projects\projects.js,20,js,e813a413,pemam238,2026-05-01,17:36:00,-07:00,2026-05-01T17:36:00-07:00,0,29
projects\projects.js,21,js,e813a413,pemam238,2026-05-01,17:36:00,-07:00,2026-05-01T17:36:00-07:00,1,46
projects\projects.js,22,js,e813a413,pemam238,2026-05-01,17:36:00,-07:00,2026-05-01T17:36:00-07:00,0,0
projects\projects.js,23,js,e813a413,pemam238,2026-05-01,17:36:00,-07:00,2026-05-01T17:36:00-07:00,1,26
projects\projects.js,24,js,e813a413,pemam238,2026-05-01,17:36:00,-07:00,2026-05-01T17:36:00-07:00,2,53
projects\projects.js,25,js,e813a413,pemam238,2026-05-01,17:36:00,-07:00,2026-05-01T17:36:00-07:00,3,43
projects\projects.js,26,js,e813a413,pemam238,2026-05-01,17:36:00,-07:00,2026-05-01T17:36:00-07:00,2,0
projects\projects.js,27,js,e813a413,pemam238,2026-05-01,17:36:00,-07:00,2026-05-01T17:36:00-07:00,1,0
projects\projects.js,28,js,e813a413,pemam238,2026-05-01,17:36:00,-07:00,2026-05-01T17:36:00-07:00,0,0
projects\projects.js,29,js,e813a413,pemam238,2026-05-01,17:36:00,-07:00,2026-05-01T17:36:00-07:00,1,22
projects\projects.js,30,js,e813a413,pemam238,2026-05-01,17:36:00,-07:00,2026-05-01T17:36:00-07:00,0,0
projects\projects.js,31,js,e813a413,pemam238,2026-05-01,17:36:00,-07:00,2026-05-01T17:36:00-07:00,0,0
projects\projects.js,32,js,e813a413,pemam238,2026-05-01,17:36:00,-07:00,2026-05-01T17:36:00-07:00,0,38
projects\projects.js,33,js,e813a413,pemam238,2026-05-01,17:36:00,-07:00,2026-05-01T17:36:00-07:00,1,26
projects\projects.js,34,js,e813a413,pemam238,2026-05-01,17:36:00,-07:00,2026-05-01T17:36:00-07:00,2,12
projects\projects.js,35,js,e813a413,pemam238,2026-05-01,17:36:00,-07:00,2026-05-01T17:36:00-07:00,2,14
projects\projects.js,36,js,e813a413,pemam238,2026-05-01,17:36:00,-07:00,2026-05-01T17:36:00-07:00,2,11
projects\projects.js,37,js,e813a413,pemam238,2026-05-01,17:36:00,-07:00,2026-05-01T17:36:00-07:00,1,0
projects\projects.js,38,js,e813a413,pemam238,2026-05-01,17:36:00,-07:00,2026-05-01T17:36:00-07:00,0,0
projects\projects.js,39,js,e813a413,pemam238,2026-05-01,17:36:00,-07:00,2026-05-01T17:36:00-07:00,1,44
projects\projects.js,40,js,e813a413,pemam238,2026-05-01,17:36:00,-07:00,2026-05-01T17:36:00-07:00,2,35
projects\projects.js,41,js,e813a413,pemam238,2026-05-01,17:36:00,-07:00,2026-05-01T17:36:00-07:00,1,1
projects\projects.js,42,js,e813a413,pemam238,2026-05-01,17:36:00,-07:00,2026-05-01T17:36:00-07:00,0,0
projects\projects.js,43,js,e813a413,pemam238,2026-05-01,17:36:00,-07:00,2026-05-01T17:36:00-07:00,1,25
projects\projects.js,44,js,e813a413,pemam238,2026-05-01,17:36:00,-07:00,2026-05-01T17:36:00-07:00,2,13
projects\projects.js,45,js,e813a413,pemam238,2026-05-01,17:36:00,-07:00,2026-05-01T17:36:00-07:00,2,15
projects\projects.js,46,js,e813a413,pemam238,2026-05-01,17:36:00,-07:00,2026-05-01T17:36:00-07:00,0,0
projects\projects.js,47,js,e813a413,pemam238,2026-05-01,17:36:00,-07:00,2026-05-01T17:36:00-07:00,1,48
projects\projects.js,48,js,e813a413,pemam238,2026-05-01,17:36:00,-07:00,2026-05-01T17:36:00-07:00,1,33
projects\projects.js,49,js,e813a413,pemam238,2026-05-01,17:36:00,-07:00,2026-05-01T17:36:00-07:00,0,0
projects\projects.js,50,js,e813a413,pemam238,2026-05-01,17:36:00,-07:00,2026-05-01T17:36:00-07:00,1,47
projects\projects.js,51,js,e813a413,pemam238,2026-05-01,17:36:00,-07:00,2026-05-01T17:36:00-07:00,0,0
projects\projects.js,52,js,e813a413,pemam238,2026-05-01,17:36:00,-07:00,2026-05-01T17:36:00-07:00,1,40
projects\projects.js,53,js,e813a413,pemam238,2026-05-01,17:36:00,-07:00,2026-05-01T17:36:00-07:00,1,29
projects\projects.js,54,js,e813a413,pemam238,2026-05-01,17:36:00,-07:00,2026-05-01T17:36:00-07:00,0,0
projects\projects.js,55,js,e813a413,pemam238,2026-05-01,17:36:00,-07:00,2026-05-01T17:36:00-07:00,1,32
projects\projects.js,56,js,e813a413,pemam238,2026-05-01,17:36:00,-07:00,2026-05-01T17:36:00-07:00,1,30
projects\projects.js,57,js,e813a413,pemam238,2026-05-01,17:36:00,-07:00,2026-05-01T17:36:00-07:00,0,0
projects\projects.js,58,js,e813a413,pemam238,2026-05-01,17:36:00,-07:00,2026-05-01T17:36:00-07:00,1,22
projects\projects.js,59,js,e813a413,pemam238,2026-05-01,17:36:00,-07:00,2026-05-01T17:36:00-07:00,2,22
projects\projects.js,60,js,e813a413,pemam238,2026-05-01,17:36:00,-07:00,2026-05-01T17:36:00-07:00,0,0
projects\projects.js,61,js,e813a413,pemam238,2026-05-01,17:36:00,-07:00,2026-05-01T17:36:00-07:00,2,1
projects\projects.js,62,js,e813a413,pemam238,2026-05-01,17:36:00,-07:00,2026-05-01T17:36:00-07:00,3,13
projects\projects.js,63,js,e813a413,pemam238,2026-05-01,17:36:00,-07:00,2026-05-01T17:36:00-07:00,3,25
projects\projects.js,64,js,e813a413,pemam238,2026-05-01,17:36:00,-07:00,2026-05-01T17:36:00-07:00,3,25
projects\projects.js,65,js,e813a413,pemam238,2026-05-01,17:36:00,-07:00,2026-05-01T17:36:00-07:00,3,69
projects\projects.js,66,js,e813a413,pemam238,2026-05-01,17:36:00,-07:00,2026-05-01T17:36:00-07:00,3,18
projects\projects.js,67,js,e813a413,pemam238,2026-05-01,17:36:00,-07:00,2026-05-01T17:36:00-07:00,4,65
projects\projects.js,68,js,e813a413,pemam238,2026-05-01,17:36:00,-07:00,2026-05-01T17:36:00-07:00,4,11
projects\projects.js,69,js,e813a413,pemam238,2026-05-01,17:36:00,-07:00,2026-05-01T17:36:00-07:00,3,1
projects\projects.js,70,js,e813a413,pemam238,2026-05-01,17:36:00,-07:00,2026-05-01T17:36:00-07:00,1,1
projects\projects.js,71,js,e813a413,pemam238,2026-05-01,17:36:00,-07:00,2026-05-01T17:36:00-07:00,0,0
projects\projects.js,72,js,e813a413,pemam238,2026-05-01,17:36:00,-07:00,2026-05-01T17:36:00-07:00,1,19
projects\projects.js,73,js,e813a413,pemam238,2026-05-01,17:36:00,-07:00,2026-05-01T17:36:00-07:00,2,4
projects\projects.js,74,js,e813a413,pemam238,2026-05-01,17:36:00,-07:00,2026-05-01T17:36:00-07:00,3,11
projects\projects.js,75,js,e813a413,pemam238,2026-05-01,17:36:00,-07:00,2026-05-01T17:36:00-07:00,3,42
projects\projects.js,76,js,e813a413,pemam238,2026-05-01,17:36:00,-07:00,2026-05-01T17:36:00-07:00,3,4
projects\projects.js,77,js,e813a413,pemam238,2026-05-01,17:36:00,-07:00,2026-05-01T17:36:00-07:00,4,6
projects\projects.js,78,js,e813a413,pemam238,2026-05-01,17:36:00,-07:00,2026-05-01T17:36:00-07:00,4,38
projects\projects.js,79,js,e813a413,pemam238,2026-05-01,17:36:00,-07:00,2026-05-01T17:36:00-07:00,5,22
projects\projects.js,80,js,e813a413,pemam238,2026-05-01,17:36:00,-07:00,2026-05-01T17:36:00-07:00,5,13
projects\projects.js,81,js,e813a413,pemam238,2026-05-01,17:36:00,-07:00,2026-05-01T17:36:00-07:00,3,0
projects\projects.js,82,js,e813a413,pemam238,2026-05-01,17:36:00,-07:00,2026-05-01T17:36:00-07:00,3,69
projects\projects.js,83,js,e813a413,pemam238,2026-05-01,17:36:00,-07:00,2026-05-01T17:36:00-07:00,1,1
projects\projects.js,84,js,e813a413,pemam238,2026-05-01,17:36:00,-07:00,2026-05-01T17:36:00-07:00,0,0
projects\projects.js,85,js,e813a413,pemam238,2026-05-01,17:36:00,-07:00,2026-05-01T17:36:00-07:00,0,0
projects\projects.js,86,js,e813a413,pemam238,2026-05-01,17:36:00,-07:00,2026-05-01T17:36:00-07:00,0,21
projects\projects.js,87,js,e813a413,pemam238,2026-05-01,17:36:00,-07:00,2026-05-01T17:36:00-07:00,1,52
projects\projects.js,88,js,e813a413,pemam238,2026-05-01,17:36:00,-07:00,2026-05-01T17:36:00-07:00,1,41
projects\projects.js,89,js,e813a413,pemam238,2026-05-01,17:36:00,-07:00,2026-05-01T17:36:00-07:00,0,0
projects\projects.js,90,js,e813a413,pemam238,2026-05-01,17:36:00,-07:00,2026-05-01T17:36:00-07:00,1,55
projects\projects.js,91,js,e813a413,pemam238,2026-05-01,17:36:00,-07:00,2026-05-01T17:36:00-07:00,1,37
projects\projects.js,92,js,e813a413,pemam238,2026-05-01,17:36:00,-07:00,2026-05-01T17:36:00-07:00,0,0
projects\projects.js,93,js,e813a413,pemam238,2026-05-01,17:36:00,-07:00,2026-05-01T17:36:00-07:00,0,0
projects\projects.js,94,js,bbe4aa76,pemam238,2026-04-25,20:11:18,-07:00,2026-04-25T20:11:18-07:00,0,48
projects\projects.js,95,js,bbe4aa76,pemam238,2026-04-25,20:11:18,-07:00,2026-04-25T20:11:18-07:00,0,0
projects\projects.js,96,js,bbe4aa76,pemam238,2026-04-25,20:11:18,-07:00,2026-04-25T20:11:18-07:00,0,18
projects\projects.js,97,js,bbe4aa76,pemam238,2026-04-25,20:11:18,-07:00,2026-04-25T20:11:18-07:00,1,58
projects\projects.js,98,js,bbe4aa76,pemam238,2026-04-25,20:11:18,-07:00,2026-04-25T20:11:18-07:00,0,0
projects\projects.js,99,js,bbe4aa76,pemam238,2026-04-25,20:11:18,-07:00,2026-04-25T20:11:18-07:00,0,0
projects\projects.js,100,js,e813a413,pemam238,2026-05-01,17:36:00,-07:00,2026-05-01T17:36:00-07:00,0,23
projects\projects.js,101,js,e813a413,pemam238,2026-05-01,17:36:00,-07:00,2026-05-01T17:36:00-07:00,0,0
projects\projects.js,102,js,e813a413,pemam238,2026-05-01,17:36:00,-07:00,2026-05-01T17:36:00-07:00,0,48
projects\projects.js,103,js,e813a413,pemam238,2026-05-01,17:36:00,-07:00,2026-05-01T17:36:00-07:00,1,25
projects\projects.js,104,js,e813a413,pemam238,2026-05-01,17:36:00,-07:00,2026-05-01T17:36:00-07:00,0,0
projects\projects.js,105,js,e813a413,pemam238,2026-05-01,17:36:00,-07:00,2026-05-01T17:36:00-07:00,1,26
projects\projects.js,106,js,e813a413,pemam238,2026-05-01,17:36:00,-07:00,2026-05-01T17:36:00-07:00,2,52
projects\projects.js,107,js,e813a413,pemam238,2026-05-01,17:36:00,-07:00,2026-05-01T17:36:00-07:00,2,79
projects\projects.js,108,js,e813a413,pemam238,2026-05-01,17:36:00,-07:00,2026-05-01T17:36:00-07:00,0,0
projects\projects.js,109,js,e813a413,pemam238,2026-05-01,17:36:00,-07:00,2026-05-01T17:36:00-07:00,2,51
projects\projects.js,110,js,e813a413,pemam238,2026-05-01,17:36:00,-07:00,2026-05-01T17:36:00-07:00,3,18
projects\projects.js,111,js,e813a413,pemam238,2026-05-01,17:36:00,-07:00,2026-05-01T17:36:00-07:00,2,0
projects\projects.js,112,js,e813a413,pemam238,2026-05-01,17:36:00,-07:00,2026-05-01T17:36:00-07:00,1,0
projects\projects.js,113,js,e813a413,pemam238,2026-05-01,17:36:00,-07:00,2026-05-01T17:36:00-07:00,0,0
projects\projects.js,114,js,e813a413,pemam238,2026-05-01,17:36:00,-07:00,2026-05-01T17:36:00-07:00,1,11
projects\projects.js,115,js,e813a413,pemam238,2026-05-01,17:36:00,-07:00,2026-05-01T17:36:00-07:00,0,1
projects\projects.js,116,js,e813a413,pemam238,2026-05-01,17:36:00,-07:00,2026-05-01T17:36:00-07:00,0,0
projects\projects.js,117,js,bbe4aa76,pemam238,2026-04-25,20:11:18,-07:00,2026-04-25T20:11:18-07:00,0,51
projects\projects.js,118,js,bbe4aa76,pemam238,2026-04-25,20:11:18,-07:00,2026-04-25T20:11:18-07:00,0,60
projects\projects.js,119,js,e813a413,pemam238,2026-05-01,17:36:00,-07:00,2026-05-01T17:36:00-07:00,0,0
projects\projects.js,120,js,bbe4aa76,pemam238,2026-04-25,20:11:18,-07:00,2026-04-25T20:11:18-07:00,0,17
projects\projects.js,121,js,bbe4aa76,pemam238,2026-04-25,20:11:18,-07:00,2026-04-25T20:11:18-07:00,1,24
projects\projects.js,122,js,bbe4aa76,pemam238,2026-04-25,20:11:18,-07:00,2026-04-25T20:11:18-07:00,2,22
projects\projects.js,123,js,bbe4aa76,pemam238,2026-04-25,20:11:18,-07:00,2026-04-25T20:11:18-07:00,2,2
projects\projects.js,124,js,bbe4aa76,pemam238,2026-04-25,20:11:18,-07:00,2026-04-25T20:11:18-07:00,3,55
projects\projects.js,125,js,bbe4aa76,pemam238,2026-04-25,20:11:18,-07:00,2026-04-25T20:11:18-07:00,3,55
projects\projects.js,126,js,bbe4aa76,pemam238,2026-04-25,20:11:18,-07:00,2026-04-25T20:11:18-07:00,3,49
projects\projects.js,127,js,bbe4aa76,pemam238,2026-04-25,20:11:18,-07:00,2026-04-25T20:11:18-07:00,3,49
projects\projects.js,128,js,bbe4aa76,pemam238,2026-04-25,20:11:18,-07:00,2026-04-25T20:11:18-07:00,2,3
projects\projects.js,129,js,bbe4aa76,pemam238,2026-04-25,20:11:18,-07:00,2026-04-25T20:11:18-07:00,1,0
projects\projects.js,130,js,bbe4aa76,pemam238,2026-04-25,20:11:18,-07:00,2026-04-25T20:11:18-07:00,0,0
projects\index.html,1,html,73a8fbfb,pemam238,2026-04-03,10:31:14,-07:00,2026-04-03T10:31:14-07:00,0,13
projects\index.html,2,html,73a8fbfb,pemam238,2026-04-03,10:31:14,-07:00,2026-04-03T10:31:14-07:00,0,14
projects\index.html,3,html,73a8fbfb,pemam238,2026-04-03,10:31:14,-07:00,2026-04-03T10:31:14-07:00,0,4
projects\index.html,4,html,66061f59,pemam238,2026-04-10,14:14:29,-07:00,2026-04-10T14:14:29-07:00,2,41
projects\index.html,5,html,73a8fbfb,pemam238,2026-04-03,10:31:14,-07:00,2026-04-03T10:31:14-07:00,2,20
projects\index.html,6,html,73a8fbfb,pemam238,2026-04-03,10:31:14,-07:00,2026-04-03T10:31:14-07:00,2,68
projects\index.html,7,html,73a8fbfb,pemam238,2026-04-03,10:31:14,-07:00,2026-04-03T10:31:14-07:00,2,21
projects\index.html,8,html,73a8fbfb,pemam238,2026-04-03,10:31:14,-07:00,2026-04-03T10:31:14-07:00,0,5
projects\index.html,9,html,73a8fbfb,pemam238,2026-04-03,10:31:14,-07:00,2026-04-03T10:31:14-07:00,0,4
projects\index.html,10,html,bbe4aa76,pemam238,2026-04-25,20:11:18,-07:00,2026-04-25T20:11:18-07:00,2,38
projects\index.html,11,html,e813a413,pemam238,2026-05-01,17:36:00,-07:00,2026-05-01T17:36:00-07:00,0,0
projects\index.html,12,html,e813a413,pemam238,2026-05-01,17:36:00,-07:00,2026-05-01T17:36:00-07:00,0,25
projects\index.html,13,html,e813a413,pemam238,2026-05-01,17:36:00,-07:00,2026-05-01T17:36:00-07:00,2,58
projects\index.html,14,html,e813a413,pemam238,2026-05-01,17:36:00,-07:00,2026-05-01T17:36:00-07:00,2,22
projects\index.html,15,html,e813a413,pemam238,2026-05-01,17:36:00,-07:00,2026-05-01T17:36:00-07:00,0,4
projects\index.html,16,html,e813a413,pemam238,2026-05-01,17:36:00,-07:00,2026-05-01T17:36:00-07:00,0,4
projects\index.html,17,html,e813a413,pemam238,2026-05-01,17:36:00,-07:00,2026-05-01T17:36:00-07:00,1,15
projects\index.html,18,html,e813a413,pemam238,2026-05-01,17:36:00,-07:00,2026-05-01T17:36:00-07:00,1,11
projects\index.html,19,html,e813a413,pemam238,2026-05-01,17:36:00,-07:00,2026-05-01T17:36:00-07:00,1,26
projects\index.html,20,html,e813a413,pemam238,2026-05-01,17:36:00,-07:00,2026-05-01T17:36:00-07:00,1,31
projects\index.html,21,html,e813a413,pemam238,2026-05-01,17:36:00,-07:00,2026-05-01T17:36:00-07:00,0,0
projects\index.html,22,html,e813a413,pemam238,2026-05-01,17:36:00,-07:00,2026-05-01T17:36:00-07:00,0,0
projects\index.html,23,html,bbe4aa76,pemam238,2026-04-25,20:11:18,-07:00,2026-04-25T20:11:18-07:00,2,26
projects\index.html,24,html,bbe4aa76,pemam238,2026-04-25,20:11:18,-07:00,2026-04-25T20:11:18-07:00,0,0
projects\index.html,25,html,bbe4aa76,pemam238,2026-04-25,20:11:18,-07:00,2026-04-25T20:11:18-07:00,2,22
projects\index.html,26,html,bbe4aa76,pemam238,2026-04-25,20:11:18,-07:00,2026-04-25T20:11:18-07:00,4,22
projects\index.html,27,html,66061f59,pemam238,2026-04-10,14:14:29,-07:00,2026-04-10T14:14:29-07:00,2,4
projects\index.html,28,html,66061f59,pemam238,2026-04-10,14:14:29,-07:00,2026-04-10T14:14:29-07:00,0,0
projects\index.html,29,html,bbe4aa76,pemam238,2026-04-25,20:11:18,-07:00,2026-04-25T20:11:18-07:00,2,48
projects\index.html,30,html,bbe4aa76,pemam238,2026-04-25,20:11:18,-07:00,2026-04-25T20:11:18-07:00,2,47
projects\index.html,31,html,73a8fbfb,pemam238,2026-04-03,10:31:14,-07:00,2026-04-03T10:31:14-07:00,0,5
projects\index.html,32,html,e813a413,pemam238,2026-05-01,17:36:00,-07:00,2026-05-01T17:36:00-07:00,0,5
contact\index.html,1,html,73a8fbfb,pemam238,2026-04-03,10:31:14,-07:00,2026-04-03T10:31:14-07:00,0,13
contact\index.html,2,html,73a8fbfb,pemam238,2026-04-03,10:31:14,-07:00,2026-04-03T10:31:14-07:00,0,14
contact\index.html,3,html,73a8fbfb,pemam238,2026-04-03,10:31:14,-07:00,2026-04-03T10:31:14-07:00,0,4
contact\index.html,4,html,66061f59,pemam238,2026-04-10,14:14:29,-07:00,2026-04-10T14:14:29-07:00,2,41
contact\index.html,5,html,73a8fbfb,pemam238,2026-04-03,10:31:14,-07:00,2026-04-03T10:31:14-07:00,2,20
contact\index.html,6,html,73a8fbfb,pemam238,2026-04-03,10:31:14,-07:00,2026-04-03T10:31:14-07:00,2,68
contact\index.html,7,html,73a8fbfb,pemam238,2026-04-03,10:31:14,-07:00,2026-04-03T10:31:14-07:00,2,20
contact\index.html,8,html,73a8fbfb,pemam238,2026-04-03,10:31:14,-07:00,2026-04-03T10:31:14-07:00,0,5
contact\index.html,9,html,73a8fbfb,pemam238,2026-04-03,10:31:14,-07:00,2026-04-03T10:31:14-07:00,0,4
contact\index.html,10,html,66061f59,pemam238,2026-04-10,14:14:29,-07:00,2026-04-10T14:14:29-07:00,2,14
contact\index.html,11,html,66061f59,pemam238,2026-04-10,14:14:29,-07:00,2026-04-10T14:14:29-07:00,0,0
contact\index.html,12,html,73a8fbfb,pemam238,2026-04-03,10:31:14,-07:00,2026-04-03T10:31:14-07:00,0,0
contact\index.html,13,html,517c57b0,pemam238,2026-04-17,09:32:25,-07:00,2026-04-17T09:32:25-07:00,0,37
contact\index.html,14,html,517c57b0,pemam238,2026-04-17,09:32:25,-07:00,2026-04-17T09:32:25-07:00,0,0
contact\index.html,15,html,517c57b0,pemam238,2026-04-17,09:32:25,-07:00,2026-04-17T09:32:25-07:00,0,5
contact\index.html,16,html,517c57b0,pemam238,2026-04-17,09:32:25,-07:00,2026-04-17T09:32:25-07:00,2,5
contact\index.html,17,html,517c57b0,pemam238,2026-04-17,09:32:25,-07:00,2026-04-17T09:32:25-07:00,2,22
contact\index.html,18,html,517c57b0,pemam238,2026-04-17,09:32:25,-07:00,2026-04-17T09:32:25-07:00,0,6
contact\index.html,19,html,517c57b0,pemam238,2026-04-17,09:32:25,-07:00,2026-04-17T09:32:25-07:00,0,5
contact\index.html,20,html,517c57b0,pemam238,2026-04-17,09:32:25,-07:00,2026-04-17T09:32:25-07:00,2,3
contact\index.html,21,html,517c57b0,pemam238,2026-04-17,09:32:25,-07:00,2026-04-17T09:32:25-07:00,2,33
contact\index.html,22,html,517c57b0,pemam238,2026-04-17,09:32:25,-07:00,2026-04-17T09:32:25-07:00,0,6
contact\index.html,23,html,8c724f40,pemam238,2026-04-03,10:39:51,-07:00,2026-04-03T10:39:51-07:00,0,0
contact\index.html,24,html,b69b41e0,pemam238,2026-04-03,16:50:39,-07:00,2026-04-03T16:50:39-07:00,0,33
contact\index.html,25,html,cbc1f784,pemam238,2026-04-03,13:31:15,-07:00,2026-04-03T13:31:15-07:00,0,5
contact\index.html,26,html,8e3776f9,pemam238,2026-04-17,09:14:16,-07:00,2026-04-17T09:14:16-07:00,0,51
contact\index.html,27,html,73a8fbfb,pemam238,2026-04-03,10:31:14,-07:00,2026-04-03T10:31:14-07:00,0,5
contact\index.html,28,html,73a8fbfb,pemam238,2026-04-03,10:31:14,-07:00,2026-04-03T10:31:14-07:00,0,5
